horario,memoria(%),cpu(%),Block-use(bytes),Net-in(bytes),Net-out(bytes),TimeStamp,round
13:21:42,10.0,27.8,40996864,375420317,513147374,1671628902,9
13:22:17,10.2,27.5,42012672,385525703,527161022,1671628937,9
13:03:12,9.7,27.4,15179776,125173637,166921493,1671627792,6
13:12:02,10.0,27.4,26451968,230322877,311232886,1671628322,7
13:30:47,9.8,27.4,57393152,541618944,744686578,1671629447,10
13:35:17,9.7,27.4,48308224,632943574,872807837,1671629717,11
13:33:32,9.7,27.3,44511232,594024826,818705409,1671629612,11
13:37:02,9.7,27.3,52105216,671552515,926469703,1671629822,11
13:24:37,9.6,27.2,46084096,425816397,582952745,1671629077,9
13:31:28,9.8,27.2,40697856,552987616,760513274,1671629488,11
13:34:07,9.8,27.2,45772800,607074403,836868252,1671629647,11
13:35:52,9.8,27,49577984,645856745,890764419,1671629752,11
13:16:52,9.3,26.9,33349632,298263139,405479245,1671628612,8
13:24:02,9.6,26.9,45064192,415862071,569174686,1671629042,9
13:26:02,9.5,26.9,48250880,449206547,615992475,1671629162,10
13:26:42,9.5,26.9,49397760,461030161,632552998,1671629202,10
13:29:03,9.7,26.9,53968896,507422399,697092147,1671629343,10
13:29:38,9.6,26.9,55107584,518922800,713069856,1671629378,10
13:30:13,9.6,26.9,56254464,530354975,728909221,1671629413,10
13:32:12,9.6,26.9,41963520,567935199,781967918,1671629532,11
13:23:27,9.6,26.8,44048384,405727882,555142737,1671629007,9
13:28:27,9.7,26.8,52822016,495798690,680955209,1671629307,10
13:32:52,9.7,26.8,43237376,581007715,800431700,1671629572,11
13:34:42,9.8,26.8,47042560,620072757,854898308,1671629682,11
13:36:27,9.9,26.8,50839552,658659346,908577705,1671629787,11
13:11:27,9.5,26.7,25681920,223264045,301527731,1671628287,7
13:14:32,9.4,26.7,29777920,263476212,357302714,1671628472,8
13:19:58,9.5,26.7,37945344,344843164,470476066,1671628798,9
13:21:07,8.6,26.7,39981056,365251570,499005055,1671628867,9
13:27:17,9.5,26.7,50540544,472683162,648862678,1671629237,10
13:27:52,9.7,26.7,51683328,484291319,664980732,1671629272,10
13:03:42,9.1,26.6,15822848,131118521,175021719,1671627822,6
13:18:37,9.5,26.6,36024320,324060409,441005572,1671628717,8
13:30:12,8.5,26.6,56254464,530353401,728907874,1671629412,10
13:15:07,9.4,26.5,30670848,272209725,369401486,1671628507,8
13:15:42,9.3,26.5,31567872,281009960,381597761,1671628542,8
13:20:32,8.6,26.5,38961152,355127740,484874085,1671628832,9
13:20:33,9.5,26.5,38961152,355135338,484879965,1671628833,9
13:25:17,9.6,26.5,47108096,435782008,596742716,1671629117,10
13:05:12,9.1,26.4,17739776,148411799,198527483,1671627912,6
13:05:42,9.1,26.4,18378752,154144674,206412838,1671627942,6
13:12:37,9.4,26.4,27213824,237417667,320919348,1671628357,7
13:17:27,9.3,26.4,34238464,306849898,417374352,1671628647,8
13:18:02,9.5,26.4,35131392,315435828,429177249,1671628682,8
13:19:17,9.4,26.4,36921344,332611720,452755373,1671628757,9
13:22:52,9.4,26.4,43032576,395560834,541100901,1671628972,9
13:06:42,9.1,26.3,19660800,165560584,221874058,1671628002,6
13:09:07,9.2,26.3,22614016,194499316,262007790,1671628147,7
13:09:42,9.2,26.3,23375872,201830581,272091790,1671628182,7
13:10:53,9.2,26.3,24915968,216134127,291707519,1671628253,7
13:16:17,9.4,26.3,32452608,289600066,393472470,1671628577,8
13:02:37,9.2,26.2,14536704,119145658,158659919,1671627757,6
13:04:12,9.1,26.2,16457728,136901630,182874721,1671627852,6
13:06:12,9.3,26.2,19021824,159896199,214203165,1671627972,6
13:08:32,9.4,26.2,21848064,187211016,251958080,1671628112,7
13:13:57,9.4,26.2,28884992,254621209,344975182,1671628437,8
13:21:08,9.5,26.2,39981056,365258615,499010405,1671628868,9
12:58:22,8.9,26.1,10276864,81335001,107311038,1671627502,5
13:07:57,9.2,26.1,21078016,179793133,241709949,1671628077,7
13:10:17,9.2,26.1,24145920,209023011,281949472,1671628217,7
13:13:17,9.4,26.1,27992064,244517087,330592642,1671628397,8
13:36:00,7.6,26.1,50495488,653510705,900068819,1671629760,11
13:07:08,8.3,26,20299776,171249253,229580870,1671628028,6
13:07:17,9.2,26,20312064,171273337,229606641,1671628037,7
12:50:27,8.3,25.9,3784704,27367115,35136486,1671627027,3
12:55:52,8.4,25.9,7950336,60795482,79509586,1671627352,4
12:58:52,8.8,25.9,10797056,85770387,113285954,1671627532,5
12:53:42,8.4,25.8,6012928,45250616,58914683,1671627222,4
12:56:47,8.8,25.8,8736768,67050727,87766321,1671627407,5
12:57:52,8.8,25.8,9764864,76820953,101208849,1671627472,5
12:59:22,9.0,25.8,11309056,90204293,119287425,1671627562,5
13:00:22,8.8,25.8,12337152,99020872,131150624,1671627622,5
13:00:52,8.8,25.8,12853248,103424135,137055712,1671627652,5
13:04:42,9.0,25.8,17096704,142688163,190733796,1671627882,6
12:48:47,8.2,25.7,2736128,19416836,24716127,1671626927,3
12:55:02,8.4,25.7,7180288,54592008,71299601,1671627302,4
12:56:17,8.5,25.7,8343552,63919811,83635274,1671627377,4
12:59:52,8.8,25.7,11821056,94649221,125259684,1671627592,5
12:44:02,7.9,25.6,950272,6170511,7724675,1671626642,2
12:50:02,8.3,25.6,3522560,25393167,32540707,1671627002,3
12:52:43,8.3,25.6,5234688,38773841,50231078,1671627163,4
12:55:27,8.4,25.6,7561216,57683641,75396320,1671627327,4
12:57:22,8.7,25.6,9248768,72181970,94894551,1671627442,5
13:13:18,9.4,25.6,28000256,244536420,330606784,1671628398,8
12:46:32,7.9,25.5,1785856,12156976,15261463,1671626792,2
12:49:12,8.2,25.5,2998272,21444358,27387014,1671626952,3
12:50:52,8.3,25.5,4050944,29318803,37675664,1671627052,3
12:51:17,8.3,25.5,4308992,31278695,40234734,1671627077,3
13:01:22,8.7,25.5,13369344,107799165,142922711,1671627682,5
13:01:58,8.9,25.5,13893632,112314113,149003082,1671627718,6
12:52:13,8.3,25.4,4841472,35210748,45345623,1671627133,4
12:53:12,8.3,25.4,5619712,42083975,54672493,1671627192,4
12:54:37,8.3,25.4,6787072,51496940,67198509,1671627277,4
13:10:16,8.5,25.4,24145920,209021437,281948125,1671628216,7
13:29:37,8.6,25.4,55107584,518921172,713068469,1671629377,10
13:35:25,7.4,25.4,49229824,640651974,882193359,1671629725,11
12:41:52,7.6,25.3,503808,3126546,3891357,1671626512,1
12:44:27,7.9,25.3,1085440,7161105,8975753,1671626667,2
12:45:42,7.9,25.3,1507328,10160467,12748723,1671626742,2
12:46:07,7.9,25.3,1646592,11157192,14004441,1671626767,2
12:48:22,8.1,25.3,2465792,17297467,21899796,1671626902,3
12:49:37,8.2,25.3,3256320,23439836,29989276,1671626977,3
12:54:12,8.4,25.3,6402048,48401358,63096078,1671627252,4
12:40:12,7.5,25.2,200704,1061474,1312622,1671626412,1
12:46:57,7.9,25.2,1921024,13154834,16517524,1671626817,2
12:51:42,8.3,25.2,4575232,33252361,42800844,1671627102,3
12:40:37,7.6,25.1,274432,1580354,1959446,1671626437,1
12:41:02,7.6,25.1,356352,2098292,2605772,1671626462,1
12:42:17,7.6,25.1,577536,3641020,4537544,1671626537,1
12:44:52,7.9,25.1,1232896,8166877,10239834,1671626692,2
12:45:17,7.9,25.1,1372160,9161570,11492019,1671626717,2
12:47:22,7.9,25.1,2056192,14139890,17759911,1671626842,2
13:01:23,8.9,25.1,13373440,107812945,142933268,1671627683,5
13:30:48,9.6,25.1,57401344,541671579,744725201,1671629448,10
12:39:47,7.5,25,126976,541078,664796,1671626387,1
12:47:52,7.9,25,2207744,15160029,19039676,1671626872,3
13:33:40,7.4,24.9,45424640,601723578,828068291,1671629620,11
13:36:35,7.6,24.9,51761152,666327406,917907942,1671629795,11
12:39:22,7.5,24.8,49152,33742,27132,1671626362,1
12:41:27,7.6,24.8,430080,2615281,3251752,1671626487,1
12:43:38,7.9,24.8,811008,5179645,6473320,1671626618,2
13:10:52,8.5,24.8,24915968,216132553,291706172,1671628252,7
13:11:28,9.3,24.8,25690112,223297841,301552528,1671628288,7
13:34:50,7.3,24.7,47964160,627702623,864158532,1671629690,11
13:37:10,7.5,24.6,53030912,679229898,935783708,1671629830,11
13:34:15,7.4,24.5,46690304,614700457,846111912,1671629655,11
13:25:08,8.7,24.2,47099904,435757330,596716435,1671629108,9
12:53:13,8.3,24.1,5627904,42099608,54684096,1671627193,4
13:02:38,8.9,24.1,14544896,119179121,158684384,1671627758,6
12:43:06,7.6,24,724992,4654009,5810990,1671626586,2
12:42:42,7.6,23.9,655360,4152661,5178232,1671626562,2
13:37:15,7.5,23.7,53153792,681725483,939883484,1671629835,11
13:19:57,8.4,23.5,37945344,344841599,470474728,1671628797,9
12:52:42,8.2,23.4,5234688,38772168,50229656,1671627162,4
12:51:41,8.2,23.3,4575232,33247567,42796950,1671627101,3
13:34:20,7.5,23.2,46809088,617164479,850177511,1671629660,11
13:29:02,8.7,23,53968896,507420783,697090772,1671629342,10
13:21:43,9.5,22.8,41013248,375487583,513196596,1671628903,9
13:33:00,7.3,22.8,44150784,588594171,809704939,1671629580,11
13:36:05,7.5,22.8,50614272,655955720,904128810,1671629765,11
12:42:41,7.6,22.7,651264,4147807,5174285,1671626561,2
12:43:07,7.6,22.7,724992,4657552,5813733,1671626587,2
13:12:03,9.4,22.7,26460160,230370900,311267966,1671628323,7
13:22:18,9.5,22.7,42029056,385602232,527216963,1671628938,9
13:03:13,9.1,22.6,15192064,125215238,166951969,1671627793,6
13:35:30,7.4,22.6,49344512,643100083,886246678,1671629730,11
13:36:40,7.5,22.6,51879936,668834997,922020116,1671629800,11
13:28:26,8.7,22.3,52822016,495797116,680953862,1671629306,10
13:37:20,7.5,22.3,53280768,683494661,942771825,1671629840,11
13:32:13,9.6,22.2,41992192,568061266,782058982,1671629533,11
12:42:16,7.6,22.1,577536,3639463,4536206,1671626536,1
12:44:03,7.9,22.1,954368,6180499,7731912,1671626643,2
13:32:20,7.3,22.1,42876928,575450304,791131376,1671629540,11
13:33:45,7.4,21.9,45539328,604174454,832132950,1671629625,11
13:34:55,7.3,21.9,48078848,630139699,868209778,1671629695,11
13:36:45,7.5,21.9,52002816,670600626,924923860,1671629805,11
13:28:00,7.3,21.8,52514816,491177721,673351514,1671629280,10
13:36:10,7.5,21.8,50741248,657731534,907030025,1671629770,11
13:00:51,7.7,21.7,12853248,103422561,137054365,1671627651,5
13:37:01,8.8,21.7,52105216,671550941,926468356,1671629821,11
13:12:38,9.4,21.6,27226112,237478904,320964214,1671628358,7
13:30:55,7.2,21.6,40374272,548420518,753042010,1671629455,10
13:35:35,7.4,21.6,49467392,644867948,889157639,1671629735,11
13:09:41,8.5,21.5,23375872,201829007,272090443,1671628181,7
13:31:00,7.3,21.5,40493056,550690000,756787001,1671629460,10
13:03:43,9.1,21.4,15835136,131167586,175057661,1671627823,6
13:33:05,7.4,21.3,44261376,591039724,813788958,1671629585,11
13:34:25,7.4,21.3,46927872,619002805,853170928,1671629665,11
13:09:06,8.4,21.2,22614016,194497652,262006367,1671628146,7
13:04:13,9.1,21.1,16474112,136959770,182917286,1671627853,6
12:53:43,8.4,21,6025216,45286928,58941229,1671627223,4
13:18:01,8.4,20.9,35131392,315434254,429175902,1671628681,8
13:18:36,8.4,20.9,36024320,324058835,441004225,1671628716,8
13:27:51,8.6,20.9,51683328,484289691,664979341,1671629271,10
13:28:35,7.2,20.9,53653504,502776252,689472013,1671629315,10
13:36:26,8.9,20.8,50839552,658657718,908576318,1671629786,11
12:44:28,7.9,20.7,1093632,7174078,8985159,1671626668,2
13:00:21,7.7,20.7,12337152,99019298,131149277,1671627621,5
13:28:41,7.2,20.7,53764096,505004600,693153265,1671629321,10
13:32:25,7.3,20.7,42987520,577881988,795220248,1671629545,11
13:27:25,7.1,20.6,51367936,479567293,657215311,1671629245,10
13:33:10,7.4,20.4,44380160,592840970,816786991,1671629590,11
13:35:00,7.3,20.4,48197632,631919616,871133597,1671629700,11
13:23:00,7.1,20.3,43778048,401730691,548617039,1671628980,9
12:41:51,7.6,20.2,503808,3124989,3890019,1671626511,1
12:56:38,8.4,20.2,8724480,67027039,87740890,1671627398,4
13:13:58,9.4,20.2,28909568,254724871,345050894,1671628438,8
13:26:10,7.0,20.2,49074176,456111018,624387716,1671629170,10
12:47:43,7.9,20.1,2195456,15136287,19014205,1671626863,2
12:54:38,8.3,20.1,6799360,51536384,67227341,1671627278,4
12:59:51,7.8,20.1,11821056,94647647,125258337,1671627591,5
13:33:50,7.4,20.1,45654016,605968595,835080870,1671629630,11
12:51:16,8.2,20,4308992,31277013,40233307,1671627076,3
12:43:37,7.8,19.8,811008,5178115,6472009,1671626617,2
13:23:35,7.1,19.8,44789760,411933465,562717811,1671629015,9
13:24:10,7.1,19.8,45813760,422016827,576676887,1671629050,9
13:25:18,9.6,19.8,47140864,435946034,596862803,1671629118,10
13:28:05,7.3,19.8,52621312,493415575,677030276,1671629285,10
13:22:53,9.4,19.6,43061248,395695443,541199143,1671628973,9
13:26:41,8.6,19.6,49397760,461028587,632551651,1671629201,10
13:01:57,8.9,19.4,13893632,112312575,149001771,1671627717,6
13:24:45,9.6,19.4,46829568,431971826,590483442,1671629085,9
13:31:05,7.3,19.2,40611840,552267685,759354656,1671629465,10
12:44:53,7.9,19,1236992,8183596,10251755,1671626693,2
12:50:51,8.3,19,4050944,29317229,37674317,1671627051,3
13:19:08,8.4,18.9,36917248,332595060,452734224,1671628748,8
13:27:30,7.1,18.8,51478528,481773344,660874214,1671629250,10
13:32:30,7.3,18.8,43102208,579671343,798240981,1671629550,11
13:05:43,9.1,18.7,18403328,154248643,206488806,1671627943,6
13:26:15,7.0,18.7,49176576,458335898,628103382,1671629175,10
13:04:43,9.0,18.6,17121280,142782817,190803009,1671627883,6
12:41:26,7.6,18.5,430080,2613724,3250414,1671626486,1
12:50:26,8.2,18.5,3784704,27365550,35135148,1671627026,3
12:55:03,8.4,18.5,7192576,54649158,71341545,1671627303,4
12:59:21,7.8,18.5,11309056,90202719,119286078,1671627561,5
13:34:08,9.8,18.5,45821952,607302214,837034456,1671629648,11
13:24:03,9.6,18.4,45105152,416044513,569307901,1671629043,9
13:33:15,7.4,18.4,44498944,593988579,818655307,1671629595,11
12:54:13,8.4,18.3,6418432,48459354,63138641,1671627253,4
12:56:48,8.8,18.3,8753152,67122371,87818363,1671627408,5
13:24:50,7.2,18.3,46940160,433931551,593712033,1671629090,9
13:32:53,9.7,18.3,43286528,581244872,800604749,1671629573,11
13:17:26,8.4,18.2,34238464,306848324,417373005,1671628646,8
13:21:55,7.3,18.2,41840640,383520360,523877910,1671628915,9
13:26:55,7.2,18.1,50331648,470125742,644661191,1671629215,10
12:45:18,7.9,18,1376256,9184693,11508470,1671626718,2
12:50:01,8.2,18,3522560,25391602,32539369,1671627001,3
12:55:28,8.4,18,7577600,57744386,75440699,1671627328,4
12:58:51,7.7,18,10797056,85768723,113284531,1671627531,5
13:07:56,8.3,18,21078016,179791568,241708611,1671628076,7
13:08:31,8.5,18,21848064,187209388,251956689,1671628111,7
13:13:08,8.4,18,27979776,244493195,330566939,1671628388,7
13:24:15,7.1,18,45920256,423931918,579873240,1671629055,9
13:26:01,8.6,18,48250880,449204982,615991137,1671629161,10
13:30:30,7.2,18,57311232,540853432,743427701,1671629430,10
13:14:33,9.4,17.9,29814784,263631004,357415633,1671628473,8
13:19:16,9.4,17.8,36921344,332610182,452754062,1671628756,9
13:27:16,8.6,17.8,50540544,472681588,648861331,1671629236,10
12:49:36,8.1,17.7,3256320,23438271,29987938,1671626976,3
13:27:35,7.1,17.7,51589120,483385798,663512880,1671629255,10
13:22:30,7.3,17.6,42856448,393575325,537852929,1671628950,9
13:30:20,9.6,17.6,57081856,537075173,737130446,1671629420,10
12:41:01,7.6,17.5,356352,2096555,2604282,1671626461,1
12:55:53,8.4,17.5,7962624,60856665,79554494,1671627353,4
13:05:13,9.1,17.5,17764352,148515968,198604430,1671627913,6
12:52:12,8.3,17.3,4841472,35209210,45344312,1671627132,4
13:21:15,9.6,17.3,40722432,371374042,506525639,1671628875,9
13:31:45,7.2,17.3,41738240,565069094,777239814,1671629505,11
13:33:33,9.7,17.3,44568576,594306078,818910381,1671629613,11
13:35:51,8.7,17.3,49573888,645855171,890763072,1671629751,11
13:23:28,9.6,17.2,44089344,405914989,555279368,1671629008,9
13:28:46,7.2,17.2,53878784,506590899,695744951,1671629326,10
13:31:27,9.7,17.2,40697856,552986024,760511883,1671629487,11
13:01:49,7.8,17,13885440,112297763,148982119,1671627709,5
13:06:13,9.3,17,19050496,160024326,214296809,1671627973,6
13:22:35,7.3,17,42962944,394953773,540116919,1671628955,9
13:33:55,7.2,17,45768704,607068086,836863604,1671629635,11
13:34:43,9.8,17,47099904,620353144,855101540,1671629683,11
13:30:25,7.3,16.9,57196544,539243556,740806006,1671629425,10
12:45:43,7.9,16.8,1511424,10186885,12767487,1671626743,2
12:47:53,7.9,16.8,2220032,15205444,19072800,1671626873,3
13:07:18,9.2,16.8,20340736,171415257,229709962,1671628038,7
13:27:00,7.2,16.8,50434048,471691435,647264373,1671629220,10
13:16:51,8.3,16.7,33349632,298261457,405477778,1671628611,8
13:31:40,7.2,16.7,41644032,562918023,773637419,1671629500,11
13:26:50,9.6,16.6,50229248,467937234,640979294,1671629210,10
13:16:16,8.3,16.5,32452608,289598422,393471123,1671628576,8
13:23:45,7.1,16.3,44998656,415289838,568249255,1671629025,9
13:23:10,7.1,16.2,43978752,405104383,554135132,1671628990,9
13:31:18,8.7,16.2,40685568,552962794,760486865,1671629478,10
13:18:15,6.9,16.1,35889152,322625654,438670053,1671628695,8
12:40:36,7.6,16,274432,1578797,1958108,1671626436,1
12:52:03,8.3,16,4837376,35194604,45324940,1671627123,3
13:15:20,7.0,16,31416320,279331552,378855086,1671628520,8
12:39:17,5.9,15.8,40960,21657,11304,1671626357,0
13:17:40,6.9,15.8,34992128,313989213,426818861,1671628660,8
13:18:50,7.0,15.8,36782080,331199982,450460261,1671628730,8
13:16:30,6.9,15.7,33206272,296703553,402926541,1671628590,8
13:18:10,9.5,15.7,35794944,320922524,435865016,1671628690,8
13:29:11,7.4,15.7,54800384,514332111,705511051,1671629351,10
,,,,,,,
13:21:50,9.5,15.6,41738240,381536341,520599819,1671628910,9
13:15:50,9.4,15.5,32219136,286426961,388215211,1671628550,8
13:15:55,6.8,15.5,32313344,288106787,391019246,1671628555,8
13:17:05,7.0,15.5,34099200,305321025,414875360,1671628625,8
13:18:45,9.5,15.5,36683776,329528689,447687556,1671628725,8
13:22:00,7.4,15.5,41943040,384880703,526115130,1671628920,9
13:15:08,9.4,15.4,30715904,272420143,369555145,1671628508,8
13:22:25,9.5,15.4,42754048,391616876,534612743,1671628945,9
,,,,,,,
12:46:08,7.9,15.3,1654784,11186903,14025514,1671626768,2
13:21:25,6.9,15.3,40923136,374741646,512053959,1671628885,9
13:26:25,7.0,15.3,49393664,460998487,632509546,1671629185,10
,,,,,,,
,,,,,,,
,,,,,,,
13:24:38,9.6,15.2,46137344,426059166,583129957,1671629078,9
,,,,,,,
13:17:35,9.4,15.1,34893824,312270954,423989002,1671628655,8
12:39:23,7.5,15,49152,50135,38822,1671626363,1
12:56:18,8.5,15,8359936,64002294,83695605,1671627378,4
13:23:40,7.1,15,44892160,413892202,565962420,1671629020,9
13:23:05,7.1,14.9,43880448,403719538,551884590,1671628985,9
12:58:21,7.7,14.8,10276864,81333427,107309691,1671627501,5
13:14:10,7.0,14.7,29614080,261670243,354315909,1671628450,8
13:15:43,9.3,14.7,31612928,281226023,381755449,1671628543,8
13:27:05,7.2,14.7,50536448,472676641,648858102,1671629225,10
,,,,,,,
13:28:10,7.3,14.6,52731904,494983448,679611781,1671629290,10
12:57:51,7.6,14.5,9764864,76819267,101207432,1671627471,5
13:12:15,6.9,14.5,27111424,236454869,319361569,1671628335,7
13:17:10,7.0,14.5,34193408,306476666,416767561,1671628630,8
13:25:40,7.2,14.5,48148480,448247874,614434688,1671629140,10
13:14:45,6.9,14.4,30527488,270569177,366725182,1671628485,8
13:25:30,8.7,14.4,47972352,444834763,608759435,1671629130,10
12:40:11,7.5,14.3,200704,1059872,1311213,1671626411,1
13:06:41,8.4,14.3,19660800,165559010,221872711,1671628001,6
,,,,,,,
,,,,,,,
13:09:55,7.0,14,24035328,207936184,280180993,1671628195,7
13:16:35,6.9,14,33300480,297866729,404835236,1671628595,8
13:18:55,7.0,13.9,36880384,332311738,452277877,1671628735,8
,,,,,,,
12:49:11,8.1,13.8,2998272,21442793,27385676,1671626951,3
13:18:20,6.9,13.8,35987456,323746457,440498468,1671628700,8
13:26:20,7.0,13.8,49283072,459943927,630794555,1671629180,10
13:29:55,6.9,13.8,56172544,529483707,727497871,1671629395,10
13:11:40,8.7,13.7,26345472,229302230,309584785,1671628300,7
13:15:25,7.0,13.7,31506432,280523930,380810757,1671628525,8
13:20:50,7.0,13.7,39903232,364454072,497728666,1671628850,9
13:24:36,8.7,13.7,46084096,425814769,582951354,1671629076,9
,,,,,,,
13:06:43,9.1,13.6,19697664,165731311,221998792,1671628003,6
13:14:50,6.9,13.6,30617600,271743879,368647141,1671628490,8
13:16:25,9.4,13.6,33107968,294980092,400076933,1671628585,8
13:17:00,9.4,13.6,34004992,303628839,412051425,1671628620,8
13:21:20,6.9,13.6,40820736,373367597,509786785,1671628880,9
12:46:33,7.9,13.5,1789952,12189982,15284849,1671626793,2
13:15:41,8.4,13.5,31567872,281008386,381596414,1671628541,8
13:16:00,6.8,13.5,32407552,289231636,392871709,1671628560,8
13:24:20,7.1,13.5,46026752,425282294,582093505,1671629060,9
13:29:16,7.4,13.5,54910976,516527099,709158980,1671629356,10
,,,,,,,
13:15:15,9.4,13.4,31318016,277606191,376004224,1671628515,8
13:17:45,6.9,13.4,35090432,315106793,428646376,1671628665,8
12:57:23,8.7,13.3,9277440,72318140,94993706,1671627443,5
13:12:50,7.1,13.3,27881472,243535787,329020664,1671628370,7
13:14:15,7.0,13.3,29708288,262874405,356327998,1671628455,8
13:16:18,9.4,13.3,32509952,289862468,393664168,1671628578,8
13:24:55,7.2,13.3,47042560,435258731,595891949,1671629095,9
13:25:45,7.2,13.3,48242688,449174655,615948674,1671629145,10
,,,,,,,
12:47:23,7.9,13.2,2064384,14173408,17783676,1671626843,2
13:15:06,8.4,13.2,30670848,272208151,369400139,1671628506,8
,,,,,,,
13:12:45,9.4,13,27783168,242091189,326650847,1671628365,7
13:16:53,9.3,13,33406976,298540263,405681674,1671628613,8
,,,,,,,
,,,,,,,
,,,,,,,
12:57:21,8.6,12.8,9248768,72180405,94893213,1671627441,5
13:08:45,6.9,12.8,22499328,193293059,260039589,1671628125,7
13:19:31,9.4,12.8,37691392,341061837,464221550,1671628771,9
,,,,,,,
,,,,,,,
,,,,,,,
12:46:58,7.9,12.7,1929216,13191137,16543227,1671626818,2
12:48:46,8.1,12.7,2736128,19415217,24714745,1671626926,3
13:05:50,9.2,12.7,18866176,158122822,211288117,1671627950,6
12:57:53,8.8,12.6,9793536,76960699,101310823,1671627473,5
,,,,,,,
12:39:46,7.5,12.5,126976,539530,663467,1671626386,1
13:05:25,9.2,12.5,18309120,153509244,205369846,1671627925,6
13:06:55,6.8,12.5,20238336,170685401,228666801,1671628015,6
13:10:26,9.3,12.5,24719360,213696034,287679708,1671628226,7
13:12:20,6.9,12.5,27205632,237385911,320875842,1671628340,7
13:12:55,6.9,12.5,27971584,244463916,330525301,1671628375,7
13:06:25,9.3,12.3,19599360,164976196,220926470,1671627985,6
13:10:31,7.0,12.3,24805376,215112801,290047274,1671628231,7
13:12:10,9.4,12.3,27021312,235008773,316981718,1671628330,7
12:43:29,7.6,12.2,802816,5163990,6453001,1671626609,2
13:04:55,9.1,12.2,17674240,147782653,197500263,1671627895,6
13:20:45,7.0,12.2,39800832,363026644,495437499,1671628845,9
,,,,,,,
13:09:25,6.9,12.1,23351296,201605366,271736824,1671628165,7
13:19:18,9.4,12.1,36999168,332951064,453002183,1671628758,9
,,,,,,,
13:09:50,9.3,12,23949312,206485355,277775512,1671628190,7
13:11:45,6.9,12,26435584,230259613,311138852,1671628305,7
,,,,,,,
13:04:20,9.1,11.9,16941056,140818905,187666000,1671627860,6
12:48:21,7.9,11.8,2465792,17295812,21898382,1671626901,3
12:58:23,8.9,11.8,10309632,81478341,107415783,1671627503,5
13:04:25,9.1,11.8,17027072,142020603,189645211,1671627865,6
13:05:15,9.1,11.8,17899520,149556934,199767039,1671627915,6
13:06:11,8.5,11.8,19021824,159894625,214201818,1671627971,6
13:08:05,9.3,11.8,21635072,184418978,247358184,1671628085,7
13:08:40,9.4,11.8,22413312,191861019,257653773,1671628120,7
13:20:40,9.5,11.8,39702528,360977285,492078684,1671628840,9
13:03:55,9.1,11.7,16384000,136223723,181765930,1671627835,6
13:03:25,6.6,11.6,15736832,130344757,173767907,1671627805,6
13:04:50,9.0,11.6,17588224,146622890,195569739,1671627890,6
13:09:15,9.3,11.6,23171072,199151433,267689684,1671628155,7
12:48:23,8.1,11.5,2482176,17369377,21952360,1671626903,3
13:03:50,9.1,11.5,16302080,135042003,179813081,1671627830,6
13:11:35,9.4,11.5,26255360,227839705,307180959,1671628295,7
,,,,,,,
,,,,,,,
,,,,,,,
,,,,,,,
12:43:28,7.6,11.3,798720,5155984,6447945,1671626608,2
13:08:15,7.1,11.3,21798912,186855512,251381518,1671628095,7
,,,,,,,
,,,,,,,
,,,,,,,
13:06:20,9.3,11.1,19509248,163821570,219030586,1671627980,6
13:06:50,9.2,11.1,20148224,169523553,226751178,1671628010,6
13:07:58,9.2,11.1,21127168,180036791,241887459,1671628078,7
13:08:33,9.4,11.1,21901312,187461127,252140668,1671628113,7
13:03:20,9.1,11,15654912,129117552,171748565,1671627800,6
13:05:20,9.1,11,18223104,152361898,203429090,1671627920,6
13:23:26,8.7,11,44048384,405726254,555141346,1671629006,9
13:24:01,8.6,11,45064192,415860497,569173339,1671629041,9
,,,,,,,
,,,,,,,
12:48:48,8.2,10.8,2752512,19492932,24771714,1671626928,3
13:00:30,8.8,10.8,12742656,102224528,135090102,1671627630,5
13:09:20,9.3,10.8,23257088,200621647,270125239,1671628160,7
,,,,,,,
,,,,,,,
,,,,,,,
,,,,,,,
12:59:30,9.0,10.7,11706368,93413061,123233055,1671627570,5
13:02:55,9.0,10.7,15163392,125064734,166751097,1671627775,6
,,,,,,,
,,,,,,,
13:01:00,8.8,10.5,13254656,106613175,140981646,1671627660,5
,,,,,,,
12:46:56,7.9,10.3,1921024,13153269,16516186,1671626816,2
,,,,,,,
,,,,,,,
,,,,,,,
,,,,,,,
,,,,,,,
13:05:55,9.3,10.1,18952192,159301505,213231523,1671627955,6
,,,,,,,
12:56:00,8.4,10,8265728,63265197,82564684,1671627360,4
12:58:35,8.9,10,10756096,85447824,112766860,1671627515,5
13:00:00,8.8,10,12226560,97830518,129193081,1671627600,5
13:00:35,8.8,10,12816384,103136503,136588878,1671627635,5
13:07:16,9.2,10,20312064,171271799,229605330,1671628036,7
,,,,,,,
12:59:35,9.0,9.8,11784192,94345732,124767051,1671627575,5
13:05:41,8.1,9.8,18378752,154143046,206411451,1671627941,6
13:08:10,9.3,9.8,21721088,185864167,249759872,1671628090,7
,,,,,,,
,,,,,,,
,,,,,,,
,,,,,,,
,,,,,,,
,,,,,,,
12:56:16,8.4,9.7,8343552,63918237,83633927,1671627376,4
,,,,,,,
,,,,,,,
,,,,,,,
12:56:25,8.5,9.5,8658944,66417914,86742100,1671627385,4
13:00:05,8.8,9.5,12304384,98730616,130674632,1671627605,5
13:02:45,8.9,9.5,15011840,123025326,163408664,1671627765,6
13:05:11,8.1,9.5,17739776,148410171,198526096,1671627911,6
,,,,,,,
12:58:30,8.9,9.3,10678272,84509889,111226421,1671627510,5
13:08:50,6.9,9.3,22585344,194266962,261632576,1671628130,7
,,,,,,,
12:39:48,7.5,9.2,126976,564240,681213,1671626388,1
12:47:21,7.9,9.2,2056192,14138325,17758573,1671626841,2
,,,,,,,
,,,,,,,
12:49:13,8.2,9.1,3014656,21523484,27444808,1671626953,3
12:58:53,8.8,9.1,10833920,85944161,113412917,1671627533,5
13:07:35,6.7,9.1,20967424,178578989,239718550,1671628055,7
,,,,,,,
12:52:02,8.3,9,4833280,35186590,45319884,1671627122,3
13:01:48,7.8,9,13885440,112289749,148977063,1671627708,5
13:07:30,9.2,9,20901888,177351658,237684931,1671628050,7
,,,,,,,
,,,,,,,
,,,,,,,
,,,,,,,
,,,,,,,
,,,,,,,
12:58:00,8.8,8.8,10158080,79989032,105099328,1671627480,5
12:59:00,8.8,8.8,11194368,88933396,117195048,1671627540,5
12:59:23,9.0,8.8,11350016,90390232,119423258,1671627563,5
13:10:00,7.0,8.8,24125440,208861090,281692642,1671628200,7
,,,,,,,
,,,,,,,
,,,,,,,
,,,,,,,
13:04:41,8.0,8.7,17096704,142686589,190732449,1671627881,6
,,,,,,,
,,,,,,,
,,,,,,,
,,,,,,,
,,,,,,,
12:39:16,5.9,8.5,36864,13659,6248,1671626356,0
12:55:35,8.4,8.5,7880704,60155681,78463440,1671627335,4
13:02:20,7.0,8.5,14528512,119115048,158617267,1671627740,6
13:02:50,8.9,8.5,15085568,124251851,165419277,1671627770,6
,,,,,,,
,,,,,,,
,,,,,,,
12:46:31,7.9,8.3,1785856,12155357,15260081,1671626791,2
13:13:09,8.4,8.3,27983872,244501209,330571995,1671628389,7
,,,,,,,
,,,,,,,
,,,,,,,
13:06:15,9.3,8.2,19181568,161053120,215441578,1671627975,6
,,,,,,,
,,,,,,,
,,,,,,,
,,,,,,,
,,,,,,,
12:57:30,8.7,8.1,9633792,75327215,98757161,1671627450,5
,,,,,,,
,,,,,,,
12:55:10,8.4,8,7495680,57035694,74336308,1671627310,4
13:01:05,8.9,8,13332480,107533500,142491577,1671627665,5
13:06:00,6.9,8,19017728,159890454,214199213,1671627960,6
,,,,,,,
,,,,,,,
,,,,,,,
,,,,,,,
,,,,,,,
,,,,,,,
,,,,,,,
,,,,,,,
,,,,,,,
,,,,,,,
,,,,,,,
,,,,,,,
12:54:20,8.4,7.8,6717440,50853803,66143720,1671627260,4
12:58:05,8.8,7.8,10235904,80943720,106678615,1671627485,5
13:01:59,8.9,7.8,13942784,112555843,149179030,1671627719,6
,,,,,,,
,,,,,,,
,,,,,,,
,,,,,,,
,,,,,,,
12:39:21,6.9,7.7,49152,32212,25821,1671626361,1
,,,,,,,
,,,,,,,
,,,,,,,
,,,,,,,
,,,,,,,
,,,,,,,
,,,,,,,
,,,,,,,
,,,,,,,
,,,,,,,
,,,,,,,
,,,,,,,
,,,,,,,
12:53:50,8.4,7.5,6324224,47711125,61964488,1671627230,4
13:01:31,8.9,7.5,13774848,111120067,147065283,1671627691,5
,,,,,,,
,,,,,,,
,,,,,,,
,,,,,,,
,,,,,,,
,,,,,,,
,,,,,,,
,,,,,,,
,,,,,,,
12:59:05,8.8,7.3,11268096,89865030,118734746,1671627545,5
12:59:53,8.8,7.3,11862016,94844291,125402184,1671627593,5
13:00:23,8.8,7.3,12386304,99223910,131298633,1671627623,5
,,,,,,,
,,,,,,,
,,,,,,,
,,,,,,,
,,,,,,,
,,,,,,,
,,,,,,,
,,,,,,,
12:49:45,8.2,7.2,3485696,25151263,32147174,1671626985,3
12:57:35,8.7,7.2,9707520,76290682,100343283,1671627455,5
,,,,,,,
,,,,,,,
,,,,,,,
,,,,,,,
,,,,,,,
,,,,,,,
,,,,,,,
12:54:45,8.4,7.1,7102464,53955099,70254556,1671627285,4
,,,,,,,
,,,,,,,
,,,,,,,
,,,,,,,
,,,,,,,
12:40:13,7.5,7,204800,1087787,1331288,1671626413,1
12:50:35,8.3,7,4018176,29084266,37298157,1671627035,3
,,,,,,,
,,,,,,,
,,,,,,,
12:49:20,8.2,6.9,3223552,23158687,29533519,1671626960,3
,,,,,,,
,,,,,,,
,,,,,,,
,,,,,,,
,,,,,,,
,,,,,,,
,,,,,,,
,,,,,,,
,,,,,,,
12:46:06,7.9,6.8,1646592,11155627,14003103,1671626766,2
12:49:38,8.2,6.8,3276800,23537238,30060400,1671626978,3
12:52:14,8.3,6.8,4874240,35355817,45451189,1671627134,4
12:55:51,8.3,6.8,7950336,60793908,79508239,1671627351,4
,,,,,,,
,,,,,,,
,,,,,,,
,,,,,,,
12:50:03,8.3,6.7,3547136,25492357,32612820,1671627003,3
12:55:26,8.3,6.7,7561216,57682067,75394973,1671627326,4
,,,,,,,
,,,,,,,
,,,,,,,
,,,,,,,
,,,,,,,
,,,,,,,
,,,,,,,
,,,,,,,
,,,,,,,
,,,,,,,
,,,,,,,
12:51:00,8.3,6.5,4280320,31037462,39846070,1671627060,3
12:51:25,8.3,6.5,4542464,33001646,42404183,1671627085,3
12:53:20,8.4,6.5,5931008,44485479,57661277,1671627200,4
12:55:01,8.3,6.5,7180288,54590434,71298254,1671627301,4
12:57:40,8.8,6.5,9764864,76815270,101205042,1671627460,5
13:01:36,8.9,6.5,13856768,112037262,148569183,1671627696,5
,,,,,,,
,,,,,,,
,,,,,,,
,,,,,,,
,,,,,,,
,,,,,,,
,,,,,,,
,,,,,,,
,,,,,,,
,,,,,,,
,,,,,,,
,,,,,,,
,,,,,,,
,,,,,,,
,,,,,,,
,,,,,,,
,,,,,,,
12:51:50,8.3,6.3,4804608,34972560,44973036,1671627110,3
12:53:55,8.4,6.3,6397952,48390460,63085222,1671627235,4
12:56:55,8.8,6.3,9101312,70068983,91427833,1671627415,5
,,,,,,,
,,,,,,,
,,,,,,,
,,,,,,,
,,,,,,,
,,,,,,,
,,,,,,,
,,,,,,,
,,,,,,,
12:54:11,8.3,6.2,6402048,48399784,63094731,1671627251,4
12:54:25,8.4,6.2,6782976,51491637,67194907,1671627265,4
,,,,,,,
,,,,,,,
,,,,,,,
13:00:53,8.8,6.1,12898304,103634939,137209707,1671627653,5
,,,,,,,
,,,,,,,
,,,,,,,
,,,,,,,
,,,,,,,
12:40:38,7.6,6,278528,1606895,1978260,1671626438,1
12:47:51,7.9,6,2207744,15158491,19038365,1671626871,3
12:52:55,8.4,6,5595136,41879982,54355643,1671627175,4
,,,,,,,
,,,,,,,
,,,,,,,
,,,,,,,
,,,,,,,
,,,,,,,
,,,,,,,
,,,,,,,
,,,,,,,
,,,,,,,
,,,,,,,
,,,,,,,
,,,,,,,
,,,,,,,
,,,,,,,
,,,,,,,
,,,,,,,
,,,,,,,
,,,,,,,
12:50:28,8.3,5.8,3809280,27467457,35209741,1671627028,3
12:53:25,8.4,5.8,5996544,45167451,58785770,1671627205,4
,,,,,,,
,,,,,,,
,,,,,,,
,,,,,,,
,,,,,,,
,,,,,,,
,,,,,,,
,,,,,,,
,,,,,,,
,,,,,,,
,,,,,,,
,,,,,,,
,,,,,,,
,,,,,,,
,,,,,,,
12:45:41,7.9,5.7,1507328,10158902,12747385,1671626741,2
,,,,,,,
,,,,,,,
,,,,,,,
,,,,,,,
,,,,,,,
,,,,,,,
,,,,,,,
,,,,,,,
,,,,,,,
,,,,,,,
,,,,,,,
,,,,,,,
,,,,,,,
,,,,,,,
,,,,,,,
,,,,,,,
,,,,,,,
,,,,,,,
,,,,,,,
,,,,,,,
,,,,,,,
,,,,,,,
12:41:03,7.6,5.5,356352,2127997,2626849,1671626463,1
12:54:50,8.4,5.5,7172096,54586822,71296202,1671627290,4
,,,,,,,
,,,,,,,
,,,,,,,
,,,,,,,
,,,,,,,
,,,,,,,
,,,,,,,
,,,,,,,
,,,,,,,
,,,,,,,
,,,,,,,
12:48:30,8.1,5.3,2682880,18957386,23957888,1671626910,3
12:50:10,8.3,5.3,3751936,27096134,34692538,1671627010,3
12:55:15,8.4,5.3,7561216,57678140,75392548,1671627315,4
12:55:40,8.4,5.3,7946240,60790547,79506358,1671627340,4
12:56:05,8.5,5.3,8331264,63914340,83631542,1671627365,4
,,,,,,,
,,,,,,,
,,,,,,,
,,,,,,,
,,,,,,,
,,,,,,,
,,,,,,,
,,,,,,,
,,,,,,,
,,,,,,,
,,,,,,,
,,,,,,,
,,,,,,,
,,,,,,,
,,,,,,,
,,,,,,,
,,,,,,,
,,,,,,,
,,,,,,,
,,,,,,,
12:43:39,7.9,5,823296,5235025,6512372,1671626619,2
12:48:55,8.2,5,2953216,21096624,26815290,1671626935,3
12:56:39,8.4,5,8728576,67035053,87745946,1671627399,4
,,,,,,,
,,,,,,,
,,,,,,,
,,,,,,,
,,,,,,,
,,,,,,,
,,,,,,,
,,,,,,,
,,,,,,,
,,,,,,,
12:50:53,8.3,4.8,4071424,29425679,37753797,1671627053,3
,,,,,,,
,,,,,,,
,,,,,,,
,,,,,,,
,,,,,,,
,,,,,,,
,,,,,,,
,,,,,,,
,,,,,,,
,,,,,,,
,,,,,,,
12:56:30,8.5,4.6,8724480,67023316,87738502,1671627390,4
,,,,,,,
,,,,,,,
,,,,,,,
,,,,,,,
,,,,,,,
,,,,,,,
,,,,,,,
,,,,,,,
,,,,,,,
,,,,,,,
,,,,,,,
,,,,,,,
,,,,,,,
,,,,,,,
12:45:16,7.9,4.5,1372160,9160005,11490681,1671626716,2
,,,,,,,
,,,,,,,
,,,,,,,
,,,,,,,
,,,,,,,
,,,,,,,
,,,,,,,
,,,,,,,
,,,,,,,
,,,,,,,
,,,,,,,
,,,,,,,
,,,,,,,
,,,,,,,
,,,,,,,
,,,,,,,
,,,,,,,
,,,,,,,
,,,,,,,
12:51:18,8.3,4.3,4333568,31388563,40315090,1671627078,3
,,,,,,,
,,,,,,,
,,,,,,,
,,,,,,,
,,,,,,,
,,,,,,,
,,,,,,,
,,,,,,,
,,,,,,,
,,,,,,,
,,,,,,,
,,,,,,,
,,,,,,,
,,,,,,,
,,,,,,,
,,,,,,,
,,,,,,,
,,,,,,,
,,,,,,,
12:54:36,8.3,4.2,6787072,51495366,67197162,1671627276,4
,,,,,,,
,,,,,,,
,,,,,,,
,,,,,,,
,,,,,,,
,,,,,,,
,,,,,,,
,,,,,,,
,,,,,,,
,,,,,,,
,,,,,,,
,,,,,,,
,,,,,,,
,,,,,,,
,,,,,,,
,,,,,,,
,,,,,,,
,,,,,,,
,,,,,,,
,,,,,,,
,,,,,,,
12:48:00,8.0,4,2408448,16739565,20987406,1671626880,3
,,,,,,,
,,,,,,,
,,,,,,,
,,,,,,,
,,,,,,,
,,,,,,,
,,,,,,,
12:53:45,8.4,3.8,6103040,45937933,59679625,1671627225,4
,,,,,,,
,,,,,,,
,,,,,,,
,,,,,,,
,,,,,,,
,,,,,,,
,,,,,,,
,,,,,,,
,,,,,,,
,,,,,,,
,,,,,,,
,,,,,,,
,,,,,,,
,,,,,,,
,,,,,,,
,,,,,,,
,,,,,,,
,,,,,,,
12:41:28,7.6,3.7,434176,2645116,3272877,1671626488,1
12:44:35,7.9,3.7,1212416,8082900,10109778,1671626675,2
,,,,,,,
,,,,,,,
,,,,,,,
,,,,,,,
,,,,,,,
,,,,,,,
,,,,,,,
,,,,,,,
,,,,,,,
,,,,,,,
,,,,,,,
,,,,,,,
,,,,,,,
,,,,,,,
,,,,,,,
,,,,,,,
12:44:10,7.9,3.5,1073152,7079330,8848739,1671626650,2
12:52:21,8.3,3.5,5128192,37538175,48199275,1671627141,4
12:52:30,8.4,3.5,5230592,38700230,50146150,1671627150,4
12:52:51,8.4,3.5,5529600,41179023,53191039,1671627171,4
,,,,,,,
,,,,,,,
,,,,,,,
,,,,,,,
,,,,,,,
,,,,,,,
,,,,,,,
,,,,,,,
,,,,,,,
12:48:05,8.0,3.3,2457600,17221712,21783612,1671626885,3
12:48:35,8.2,3.3,2727936,19411864,24712983,1671626915,3
,,,,,,,
,,,,,,,
,,,,,,,
,,,,,,,
,,,,,,,
,,,,,,,
,,,,,,,
,,,,,,,
,,,,,,,
,,,,,,,
,,,,,,,
,,,,,,,
,,,,,,,
,,,,,,,
,,,,,,,
,,,,,,,
,,,,,,,
,,,,,,,
12:47:44,7.9,3.2,2195456,15144301,19019261,1671626864,2
,,,,,,,
,,,,,,,
,,,,,,,
,,,,,,,
,,,,,,,
,,,,,,,
,,,,,,,
,,,,,,,
,,,,,,,
,,,,,,,
,,,,,,,
,,,,,,,
,,,,,,,
12:45:50,7.9,3,1630208,11078150,13881999,1671626750,2
12:50:30,8.3,3,3858432,27897369,35695445,1671627030,3
12:51:20,8.3,3,4390912,31814324,40799070,1671627080,3
,,,,,,,
,,,,,,,
,,,,,,,
,,,,,,,
,,,,,,,
,,,,,,,
,,,,,,,
,,,,,,,
,,,,,,,
,,,,,,,
,,,,,,,
,,,,,,,
,,,,,,,
,,,,,,,
,,,,,,,
,,,,,,,
,,,,,,,
,,,,,,,
,,,,,,,
,,,,,,,
,,,,,,,
12:46:15,7.9,2.8,1773568,12076279,15138274,1671626775,2
12:46:40,7.9,2.8,1904640,13078745,16401290,1671626800,2
12:47:05,7.9,2.8,2043904,14063976,17643290,1671626825,2
12:47:30,7.9,2.8,2183168,15053593,18885484,1671626850,2
12:49:00,8.2,2.8,2990080,21439080,27383498,1671626940,3
,,,,,,,
,,,,,,,
,,,,,,,
,,,,,,,
,,,,,,,
,,,,,,,
,,,,,,,
,,,,,,,
,,,,,,,
,,,,,,,
,,,,,,,
,,,,,,,
,,,,,,,
,,,,,,,
,,,,,,,
,,,,,,,
,,,,,,,
12:43:45,7.9,2.5,937984,6028789,7534117,1671626625,2
12:45:00,7.9,2.5,1351680,9084129,11371203,1671626700,2
12:45:25,7.9,2.5,1495040,10081966,12626852,1671626725,2
12:48:25,8.1,2.5,2539520,17791365,22428868,1671626905,3
12:48:50,8.2,2.5,2805760,19919528,25255594,1671626930,3
12:49:40,8.2,2.5,3338240,23975387,30563910,1671626980,3
12:51:43,8.3,2.5,4599808,33374277,42889760,1671627103,3
,,,,,,,
,,,,,,,
,,,,,,,
,,,,,,,
,,,,,,,
,,,,,,,
,,,,,,,
,,,,,,,
,,,,,,,
,,,,,,,
,,,,,,,
,,,,,,,
,,,,,,,
,,,,,,,
,,,,,,,
,,,,,,,
,,,,,,,
,,,,,,,
,,,,,,,
12:44:51,7.9,2.3,1228800,8165168,10238340,1671626691,2
,,,,,,,
,,,,,,,
,,,,,,,
,,,,,,,
,,,,,,,
,,,,,,,
,,,,,,,
,,,,,,,
,,,,,,,
,,,,,,,
,,,,,,,
,,,,,,,
,,,,,,,
,,,,,,,
,,,,,,,
,,,,,,,
,,,,,,,
,,,,,,,
,,,,,,,
,,,,,,,
,,,,,,,
,,,,,,,
,,,,,,,
,,,,,,,
,,,,,,,
,,,,,,,
,,,,,,,
,,,,,,,
,,,,,,,
,,,,,,,
,,,,,,,
,,,,,,,
,,,,,,,
,,,,,,,
,,,,,,,
,,,,,,,
,,,,,,,
,,,,,,,
,,,,,,,
,,,,,,,
,,,,,,,
,,,,,,,
,,,,,,,
,,,,,,,
,,,,,,,
,,,,,,,
,,,,,,,
,,,,,,,
,,,,,,,
,,,,,,,
,,,,,,,
,,,,,,,
,,,,,,,
,,,,,,,
,,,,,,,
,,,,,,,
,,,,,,,
,,,,,,,
,,,,,,,
,,,,,,,
,,,,,,,
,,,,,,,
,,,,,,,
,,,,,,,
,,,,,,,
,,,,,,,
,,,,,,,
,,,,,,,
,,,,,,,
,,,,,,,
,,,,,,,
,,,,,,,
,,,,,,,
,,,,,,,
,,,,,,,
,,,,,,,
,,,,,,,
,,,,,,,
,,,,,,,
,,,,,,,
,,,,,,,
,,,,,,,
,,,,,,,
,,,,,,,
,,,,,,,
,,,,,,,
,,,,,,,
,,,,,,,
,,,,,,,
12:45:48,7.9,1.7,1585152,10614173,13163717,1671626748,2
,,,,,,,
,,,,,,,
,,,,,,,
,,,,,,,
12:41:53,7.6,1.5,507904,3159689,3914901,1671626513,1
12:42:25,7.6,1.5,643072,4104563,5109379,1671626545,0
12:42:50,7.6,1.5,716800,4609959,5745228,1671626570,2
12:43:40,7.9,1.5,839680,5381217,6694091,1671626620,2
12:44:30,7.9,1.5,1118208,7407546,9243051,1671626670,2
,,,,,,,
,,,,,,,
,,,,,,,
,,,,,,,
,,,,,,,
,,,,,,,
,,,,,,,
,,,,,,,
,,,,,,,
,,,,,,,
,,,,,,,
,,,,,,,
,,,,,,,
,,,,,,,
,,,,,,,
,,,,,,,
,,,,,,,
,,,,,,,
,,,,,,,
,,,,,,,
,,,,,,,
,,,,,,,
,,,,,,,
,,,,,,,
,,,,,,,
,,,,,,,
,,,,,,,
,,,,,,,
,,,,,,,
,,,,,,,
12:39:30,7.5,1.3,114688,489471,586737,1671626370,1
12:39:55,7.6,1.3,188416,1016681,1246351,1671626395,1
12:40:20,7.6,1.3,262144,1535439,1893146,1671626420,1
12:41:35,7.6,1.3,491520,3081589,3824975,1671626495,1
,,,,,,,
,,,,,,,
,,,,,,,
,,,,,,,
,,,,,,,
,,,,,,,
,,,,,,,
,,,,,,,
,,,,,,,
,,,,,,,
,,,,,,,
,,,,,,,
,,,,,,,
,,,,,,,
,,,,,,,
,,,,,,,
,,,,,,,
,,,,,,,
12:41:33,7.6,1.2,466944,2860946,3471613,1671626493,1
12:42:00,7.6,1.2,565248,3594635,4469814,1671626520,1
,,,,,,,
,,,,,,,
,,,,,,,
,,,,,,,
,,,,,,,
,,,,,,,
,,,,,,,
,,,,,,,
,,,,,,,
,,,,,,,
12:39:25,7.5,1,69632,158837,156974,1671626365,1
12:40:45,7.6,1,339968,2052988,2539406,1671626445,1
12:41:10,7.6,1,417792,2570736,3185704,1671626470,1
12:41:55,7.6,1,524288,3277247,4045533,1671626515,1
12:42:18,7.6,1,585728,3674206,4561066,1671626538,1
12:42:22,7.6,1,618496,3857410,4737570,1671626542,1
12:42:23,7.6,1,618496,3890552,4760784,1671626543,1
,,,,,,,
,,,,,,,
,,,,,,,
,,,,,,,
,,,,,,,
,,,,,,,
,,,,,,,
,,,,,,,
,,,,,,,
,,,,,,,
,,,,,,,
,,,,,,,
,,,,,,,
,,,,,,,
,,,,,,,
,,,,,,,
,,,,,,,
,,,,,,,
,,,,,,,
,,,,,,,
,,,,,,,
,,,,,,,
,,,,,,,
,,,,,,,
,,,,,,,
,,,,,,,
,,,,,,,
,,,,,,,
12:39:52,7.5,0.8,163840,747495,856839,1671626392,1
12:40:40,7.6,0.8,294912,1723202,2107392,1671626440,1
12:41:05,7.6,0.8,372736,2245784,2757367,1671626465,1
12:41:07,7.6,0.8,389120,2312043,2803775,1671626467,1
12:41:08,7.6,0.8,393216,2345131,2826945,1671626468,1
12:41:29,7.6,0.8,438272,2678203,3296045,1671626489,1
12:41:30,7.6,0.8,446464,2761684,3402107,1671626490,1
12:41:54,7.6,0.8,516096,3192777,3938071,1671626514,1
12:42:20,7.6,0.8,602112,3791182,4691194,1671626540,1
,,,,,,,
,,,,,,,
,,,,,,,
,,,,,,,
,,,,,,,
,,,,,,,
,,,,,,,
,,,,,,,
,,,,,,,
,,,,,,,
,,,,,,,
,,,,,,,
,,,,,,,
,,,,,,,
,,,,,,,
,,,,,,,
,,,,,,,
,,,,,,,
,,,,,,,
,,,,,,,
12:41:04,7.6,0.7,364544,2161265,2650171,1671626464,1
12:41:57,7.6,0.7,536576,3343423,4091873,1671626517,1
12:41:58,7.6,0.7,540672,3376509,4115039,1671626518,1
,,,,,,,
,,,,,,,
,,,,,,,
,,,,,,,
,,,,,,,
,,,,,,,
,,,,,,,
,,,,,,,
,,,,,,,
,,,,,,,
12:39:28,7.5,0.5,86016,257882,226274,1671626368,1
,,,,,,,
,,,,,,,
,,,,,,,
,,,,,,,
,,,,,,,
,,,,,,,
,,,,,,,
,,,,,,,
,,,,,,,
,,,,,,,
,,,,,,,
,,,,,,,
,,,,,,,
,,,,,,,
,,,,,,,
,,,,,,,
,,,,,,,
,,,,,,,
,,,,,,,
,,,,,,,
,,,,,,,
,,,,,,,
,,,,,,,
,,,,,,,
,,,,,,,
,,,,,,,
,,,,,,,
,,,,,,,
,,,,,,,
,,,,,,,
,,,,,,,
,,,,,,,
,,,,,,,
,,,,,,,
,,,,,,,
,,,,,,,
,,,,,,,
,,,,,,,
,,,,,,,
,,,,,,,
,,,,,,,
,,,,,,,
,,,,,,,
,,,,,,,
,,,,,,,
,,,,,,,
,,,,,,,
,,,,,,,
,,,,,,,
,,,,,,,
,,,,,,,
,,,,,,,
,,,,,,,
,,,,,,,
,,,,,,,
,,,,,,,
,,,,,,,
,,,,,,,
,,,,,,,
,,,,,,,
,,,,,,,
,,,,,,,
,,,,,,,
,,,,,,,
,,,,,,,
,,,,,,,
,,,,,,,
,,,,,,,
,,,,,,,
,,,,,,,
,,,,,,,
,,,,,,,
,,,,,,,
,,,,,,,
,,,,,,,
,,,,,,,
,,,,,,,
,,,,,,,
12:38:51,4.6,0.3,28672,7658,3040,1671626331,0
12:38:58,4.6,0.3,28672,9360,3952,1671626338,0
,,,,,,,
,,,,,,,
,,,,,,,
,,,,,,,
,,,,,,,
,,,,,,,
,,,,,,,
,,,,,,,
,,,,,,,
,,,,,,,
,,,,,,,
,,,,,,,
,,,,,,,
,,,,,,,
,,,,,,,
,,,,,,,
,,,,,,,
,,,,,,,
,,,,,,,
,,,,,,,
,,,,,,,
,,,,,,,
,,,,,,,
,,,,,,,
,,,,,,,
,,,,,,,
,,,,,,,
,,,,,,,
,,,,,,,
,,,,,,,
,,,,,,,
,,,,,,,
,,,,,,,
,,,,,,,
,,,,,,,
,,,,,,,
,,,,,,,
,,,,,,,
,,,,,,,
,,,,,,,
,,,,,,,
,,,,,,,
,,,,,,,
,,,,,,,
,,,,,,,
,,,,,,,
13:37:32,7.5,0.3,53374976,684395689,944245942,1671629852,0
13:37:51,7.5,0.3,53383168,684401279,944249310,1671629871,0
12:38:15,4.6,0.2,12288,2474,1120,1671626295,0
12:38:18,4.6,0.2,12288,2864,1240,1671626298,0
12:38:24,4.6,0.2,16384,3734,1556,1671626304,0
12:38:34,4.6,0.2,20480,5196,2156,1671626314,0
12:38:38,4.6,0.2,20480,5770,2356,1671626318,0
12:38:40,4.6,0.2,24576,6120,2512,1671626320,0
12:38:42,4.6,0.2,24576,6380,2592,1671626322,0
12:38:54,4.6,0.2,28672,8516,3520,1671626334,0
12:39:01,4.6,0.2,32768,9750,4072,1671626341,0
12:39:05,4.6,0.2,36864,10270,4232,1671626345,0
12:39:19,5.9,0.2,40960,21933,11384,1671626359,0
,,,,,,,
,,,,,,,
,,,,,,,
,,,,,,,
,,,,,,,
,,,,,,,
,,,,,,,
,,,,,,,
,,,,,,,
,,,,,,,
,,,,,,,
,,,,,,,
,,,,,,,
,,,,,,,
,,,,,,,
,,,,,,,
,,,,,,,
,,,,,,,
,,,,,,,
,,,,,,,
,,,,,,,
12:42:27,7.6,0.2,643072,4104983,5109579,1671626547,0
12:42:30,7.6,0.2,647168,4144710,5172547,1671626550,0
12:42:35,7.6,0.2,647168,4145682,5172987,1671626555,0
,,,,,,,
,,,,,,,
,,,,,,,
,,,,,,,
,,,,,,,
,,,,,,,
,,,,,,,
,,,,,,,
,,,,,,,
,,,,,,,
,,,,,,,
,,,,,,,
,,,,,,,
,,,,,,,
,,,,,,,
,,,,,,,
,,,,,,,
,,,,,,,
,,,,,,,
,,,,,,,
,,,,,,,
,,,,,,,
,,,,,,,
,,,,,,,
,,,,,,,
,,,,,,,
,,,,,,,
,,,,,,,
,,,,,,,
,,,,,,,
,,,,,,,
,,,,,,,
,,,,,,,
,,,,,,,
,,,,,,,
,,,,,,,
,,,,,,,
,,,,,,,
,,,,,,,
,,,,,,,
,,,,,,,
,,,,,,,
,,,,,,,
,,,,,,,
,,,,,,,
,,,,,,,
,,,,,,,
,,,,,,,
,,,,,,,
,,,,,,,
,,,,,,,
,,,,,,,
,,,,,,,
,,,,,,,
,,,,,,,
,,,,,,,
,,,,,,,
,,,,,,,
,,,,,,,
,,,,,,,
,,,,,,,
,,,,,,,
,,,,,,,
,,,,,,,
,,,,,,,
,,,,,,,
,,,,,,,
,,,,,,,
,,,,,,,
,,,,,,,
,,,,,,,
,,,,,,,
,,,,,,,
,,,,,,,
,,,,,,,
,,,,,,,
,,,,,,,
,,,,,,,
,,,,,,,
,,,,,,,
,,,,,,,
,,,,,,,
,,,,,,,
,,,,,,,
,,,,,,,
,,,,,,,
,,,,,,,
,,,,,,,
,,,,,,,
,,,,,,,
,,,,,,,
,,,,,,,
,,,,,,,
,,,,,,,
,,,,,,,
,,,,,,,
,,,,,,,
,,,,,,,
,,,,,,,
,,,,,,,
,,,,,,,
,,,,,,,
,,,,,,,
,,,,,,,
,,,,,,,
,,,,,,,
,,,,,,,
,,,,,,,
,,,,,,,
,,,,,,,
,,,,,,,
,,,,,,,
,,,,,,,
,,,,,,,
,,,,,,,
,,,,,,,
,,,,,,,
,,,,,,,
,,,,,,,
,,,,,,,
,,,,,,,
,,,,,,,
,,,,,,,
,,,,,,,
,,,,,,,
,,,,,,,
,,,,,,,
,,,,,,,
,,,,,,,
,,,,,,,
,,,,,,,
,,,,,,,
,,,,,,,
,,,,,,,
,,,,,,,
,,,,,,,
,,,,,,,
,,,,,,,
,,,,,,,
,,,,,,,
,,,,,,,
,,,,,,,
,,,,,,,
,,,,,,,
,,,,,,,
,,,,,,,
,,,,,,,
,,,,,,,
,,,,,,,
,,,,,,,
,,,,,,,
,,,,,,,
,,,,,,,
,,,,,,,
,,,,,,,
,,,,,,,
,,,,,,,
,,,,,,,
,,,,,,,
,,,,,,,
,,,,,,,
,,,,,,,
,,,,,,,
,,,,,,,
,,,,,,,
,,,,,,,
,,,,,,,
,,,,,,,
,,,,,,,
,,,,,,,
,,,,,,,
,,,,,,,
,,,,,,,
,,,,,,,
,,,,,,,
,,,,,,,
,,,,,,,
,,,,,,,
,,,,,,,
,,,,,,,
,,,,,,,
,,,,,,,
,,,,,,,
,,,,,,,
,,,,,,,
,,,,,,,
,,,,,,,
,,,,,,,
,,,,,,,
,,,,,,,
,,,,,,,
,,,,,,,
,,,,,,,
,,,,,,,
,,,,,,,
,,,,,,,
,,,,,,,
,,,,,,,
,,,,,,,
,,,,,,,
,,,,,,,
,,,,,,,
,,,,,,,
,,,,,,,
,,,,,,,
,,,,,,,
,,,,,,,
,,,,,,,
,,,,,,,
,,,,,,,
,,,,,,,
,,,,,,,
,,,,,,,
,,,,,,,
,,,,,,,
,,,,,,,
,,,,,,,
,,,,,,,
,,,,,,,
,,,,,,,
,,,,,,,
,,,,,,,
,,,,,,,
,,,,,,,
,,,,,,,
,,,,,,,
,,,,,,,
,,,,,,,
,,,,,,,
,,,,,,,
,,,,,,,
,,,,,,,
,,,,,,,
,,,,,,,
,,,,,,,
,,,,,,,
,,,,,,,
,,,,,,,
,,,,,,,
,,,,,,,
,,,,,,,
,,,,,,,
,,,,,,,
,,,,,,,
,,,,,,,
,,,,,,,
,,,,,,,
,,,,,,,
,,,,,,,
,,,,,,,
,,,,,,,
,,,,,,,
,,,,,,,
,,,,,,,
,,,,,,,
,,,,,,,
,,,,,,,
,,,,,,,
,,,,,,,
,,,,,,,
,,,,,,,
,,,,,,,
,,,,,,,
,,,,,,,
,,,,,,,
,,,,,,,
,,,,,,,
,,,,,,,
,,,,,,,
,,,,,,,
,,,,,,,
,,,,,,,
,,,,,,,
,,,,,,,
,,,,,,,
,,,,,,,
,,,,,,,
,,,,,,,
,,,,,,,
,,,,,,,
,,,,,,,
,,,,,,,
,,,,,,,
,,,,,,,
,,,,,,,
,,,,,,,
,,,,,,,
,,,,,,,
,,,,,,,
,,,,,,,
,,,,,,,
,,,,,,,
,,,,,,,
,,,,,,,
,,,,,,,
,,,,,,,
,,,,,,,
,,,,,,,
,,,,,,,
,,,,,,,
,,,,,,,
,,,,,,,
,,,,,,,
,,,,,,,
,,,,,,,
,,,,,,,
,,,,,,,
,,,,,,,
,,,,,,,
,,,,,,,
,,,,,,,
,,,,,,,
,,,,,,,
,,,,,,,
,,,,,,,
,,,,,,,
,,,,,,,
,,,,,,,
,,,,,,,
,,,,,,,
,,,,,,,
,,,,,,,
,,,,,,,
,,,,,,,
,,,,,,,
,,,,,,,
,,,,,,,
,,,,,,,
,,,,,,,
,,,,,,,
,,,,,,,
13:37:33,7.5,0.2,53374976,684395835,944245982,1671629853,0
13:37:45,7.5,0.2,53379072,684399017,944247880,1671629865,0
13:37:50,7.5,0.2,53383168,684400737,944248930,1671629870,0
13:37:55,7.5,0.2,53383168,684401863,944249470,1671629875,0
13:37:58,7.5,0.2,53383168,684403263,944250474,1671629878,0
13:38:00,7.5,0.2,53387264,684403833,944250852,1671629880,0
13:38:02,7.5,0.2,53387264,684405157,944251996,1671629882,0
13:38:10,7.5,0.2,53391360,684406763,944252684,1671629890,0
13:38:14,7.5,0.2,53391360,684408309,944253728,1671629894,0
13:38:20,7.5,0.2,53399552,684410537,944255186,1671629900,0
13:38:29,7.5,0.2,53399552,684413197,944256732,1671629909,0
13:38:32,7.5,0.2,53403648,684414759,944257910,1671629912,0
12:37:59,4.6,0,4096,0,0,1671626279,0
12:38:00,4.6,0,8192,122,80,1671626280,0
12:38:01,4.6,0,8192,360,252,1671626281,0
12:38:02,4.6,0,8192,490,292,1671626282,0
12:38:03,4.6,0,8192,620,332,1671626283,0
12:38:04,4.6,0,8192,750,372,1671626284,0
12:38:05,4.6,0,12288,880,412,1671626285,0
12:38:06,4.6,0,12288,1052,480,1671626286,0
12:38:07,4.6,0,12288,1236,600,1671626287,0
12:38:08,4.6,0,12288,1456,716,1671626288,0
12:38:09,4.6,0,12288,1640,800,1671626289,0
12:38:10,4.6,0,12288,1824,920,1671626290,0
12:38:11,4.6,0,12288,1954,960,1671626291,0
12:38:12,4.6,0,12288,2084,1000,1671626292,0
12:38:13,4.6,0,12288,2214,1040,1671626293,0
12:38:14,4.6,0,12288,2344,1080,1671626294,0
12:38:16,4.6,0,12288,2604,1160,1671626296,0
12:38:17,4.6,0,12288,2734,1200,1671626297,0
12:38:19,4.6,0,12288,2994,1280,1671626299,0
12:38:20,4.6,0,16384,3124,1320,1671626300,0
12:38:21,4.6,0,16384,3254,1360,1671626301,0
12:38:22,4.6,0,16384,3384,1400,1671626302,0
12:38:23,4.6,0,16384,3514,1440,1671626303,0
12:38:25,4.6,0,20480,3864,1596,1671626305,0
12:38:26,4.6,0,20480,3994,1636,1671626306,0
12:38:27,4.6,0,20480,4124,1676,1671626307,0
12:38:28,4.6,0,20480,4254,1716,1671626308,0
12:38:29,4.6,0,20480,4384,1756,1671626309,0
12:38:30,4.6,0,20480,4622,1956,1671626310,0
12:38:31,4.6,0,20480,4752,1996,1671626311,0
12:38:32,4.6,0,20480,4882,2036,1671626312,0
12:38:33,4.6,0,20480,5012,2076,1671626313,0
12:38:35,4.6,0,20480,5326,2196,1671626315,0
12:38:36,4.6,0,20480,5456,2236,1671626316,0
12:38:37,4.6,0,20480,5640,2316,1671626317,0
12:38:39,4.6,0,20480,5900,2396,1671626319,0
12:38:41,4.6,0,24576,6250,2552,1671626321,0
12:38:43,4.6,0,24576,6510,2632,1671626323,0
12:38:44,4.6,0,24576,6640,2672,1671626324,0
12:38:45,4.6,0,28672,6770,2712,1671626325,0
12:38:46,4.6,0,28672,6900,2752,1671626326,0
12:38:47,4.6,0,28672,7030,2792,1671626327,0
12:38:48,4.6,0,28672,7160,2832,1671626328,0
12:38:49,4.6,0,28672,7398,2960,1671626329,0
12:38:50,4.6,0,28672,7528,3000,1671626330,0
12:38:52,4.6,0,28672,7932,3208,1671626332,0
12:38:53,4.6,0,28672,8116,3328,1671626333,0
12:38:55,4.6,0,28672,8736,3636,1671626335,0
12:38:56,4.6,0,28672,9100,3872,1671626336,0
12:38:57,4.6,0,28672,9230,3912,1671626337,0
12:38:59,4.6,0,28672,9490,3992,1671626339,0
12:39:00,4.6,0,32768,9620,4032,1671626340,0
12:39:02,4.6,0,32768,9880,4112,1671626342,0
12:39:03,4.6,0,32768,10010,4152,1671626343,0
12:39:04,4.6,0,32768,10140,4192,1671626344,0
12:39:06,4.6,0,36864,10508,4392,1671626346,0
12:39:07,4.6,0,36864,10638,4432,1671626347,0
12:39:08,4.6,0,36864,10768,4472,1671626348,0
12:39:09,4.6,0,36864,10940,4540,1671626349,0
12:39:10,4.6,0,36864,11070,4580,1671626350,0
12:39:11,4.6,0,36864,11200,4620,1671626351,0
12:39:12,4.6,0,36864,11420,4736,1671626352,0
12:39:13,4.6,0,36864,11550,4776,1671626353,0
12:39:14,4.6,0,36864,11680,4816,1671626354,0
12:39:15,4.6,0,36864,11810,4856,1671626355,0
12:39:18,5.9,0,40960,21795,11344,1671626358,0
12:39:20,5.9,0,49152,29580,23758,1671626360,0
,,,,,,,
,,,,,,,
,,,,,,,
,,,,,,,
,,,,,,,
,,,,,,,
,,,,,,,
,,,,,,,
,,,,,,,
,,,,,,,
,,,,,,,
,,,,,,,
,,,,,,,
,,,,,,,
,,,,,,,
,,,,,,,
,,,,,,,
,,,,,,,
,,,,,,,
,,,,,,,
,,,,,,,
,,,,,,,
,,,,,,,
,,,,,,,
,,,,,,,
,,,,,,,
,,,,,,,
,,,,,,,
,,,,,,,
,,,,,,,
,,,,,,,
,,,,,,,
,,,,,,,
,,,,,,,
,,,,,,,
,,,,,,,
,,,,,,,
,,,,,,,
,,,,,,,
,,,,,,,
,,,,,,,
,,,,,,,
,,,,,,,
,,,,,,,
,,,,,,,
,,,,,,,
,,,,,,,
,,,,,,,
,,,,,,,
,,,,,,,
,,,,,,,
,,,,,,,
,,,,,,,
,,,,,,,
,,,,,,,
,,,,,,,
,,,,,,,
,,,,,,,
,,,,,,,
,,,,,,,
,,,,,,,
,,,,,,,
,,,,,,,
,,,,,,,
,,,,,,,
,,,,,,,
,,,,,,,
,,,,,,,
,,,,,,,
,,,,,,,
,,,,,,,
,,,,,,,
,,,,,,,
,,,,,,,
,,,,,,,
,,,,,,,
,,,,,,,
,,,,,,,
,,,,,,,
,,,,,,,
,,,,,,,
,,,,,,,
,,,,,,,
,,,,,,,
,,,,,,,
,,,,,,,
,,,,,,,
12:42:24,7.6,0,622592,3894039,4763217,1671626544,0
12:42:26,7.6,0,643072,4104791,5109495,1671626546,0
12:42:28,7.6,0,643072,4105121,5109619,1671626548,0
12:42:29,7.6,0,643072,4105259,5109659,1671626549,0
12:42:31,7.6,0,647168,4144848,5172587,1671626551,0
12:42:32,7.6,0,647168,4144986,5172627,1671626552,0
12:42:33,7.6,0,647168,4145124,5172667,1671626553,0
12:42:34,7.6,0,647168,4145262,5172707,1671626554,0
12:42:36,7.6,0,647168,4145820,5173027,1671626556,0
12:42:37,7.6,0,647168,4145958,5173067,1671626557,0
12:42:38,7.6,0,647168,4146096,5173107,1671626558,0
12:42:39,7.6,0,647168,4146234,5173147,1671626559,0
12:42:40,7.6,0,651264,4146426,5173231,1671626560,0
,,,,,,,
,,,,,,,
,,,,,,,
,,,,,,,
,,,,,,,
,,,,,,,
,,,,,,,
,,,,,,,
,,,,,,,
,,,,,,,
,,,,,,,
,,,,,,,
,,,,,,,
,,,,,,,
,,,,,,,
,,,,,,,
,,,,,,,
,,,,,,,
,,,,,,,
,,,,,,,
,,,,,,,
,,,,,,,
,,,,,,,
,,,,,,,
,,,,,,,
,,,,,,,
,,,,,,,
,,,,,,,
,,,,,,,
,,,,,,,
,,,,,,,
,,,,,,,
,,,,,,,
,,,,,,,
,,,,,,,
,,,,,,,
,,,,,,,
,,,,,,,
,,,,,,,
,,,,,,,
,,,,,,,
,,,,,,,
,,,,,,,
,,,,,,,
,,,,,,,
,,,,,,,
,,,,,,,
,,,,,,,
,,,,,,,
,,,,,,,
,,,,,,,
,,,,,,,
,,,,,,,
,,,,,,,
,,,,,,,
,,,,,,,
,,,,,,,
,,,,,,,
,,,,,,,
,,,,,,,
,,,,,,,
,,,,,,,
,,,,,,,
,,,,,,,
,,,,,,,
,,,,,,,
,,,,,,,
,,,,,,,
,,,,,,,
,,,,,,,
,,,,,,,
,,,,,,,
,,,,,,,
,,,,,,,
,,,,,,,
,,,,,,,
,,,,,,,
,,,,,,,
,,,,,,,
,,,,,,,
,,,,,,,
,,,,,,,
,,,,,,,
,,,,,,,
,,,,,,,
,,,,,,,
,,,,,,,
,,,,,,,
,,,,,,,
,,,,,,,
,,,,,,,
,,,,,,,
,,,,,,,
,,,,,,,
,,,,,,,
,,,,,,,
,,,,,,,
,,,,,,,
,,,,,,,
,,,,,,,
,,,,,,,
,,,,,,,
,,,,,,,
,,,,,,,
,,,,,,,
,,,,,,,
,,,,,,,
,,,,,,,
,,,,,,,
,,,,,,,
,,,,,,,
,,,,,,,
,,,,,,,
,,,,,,,
,,,,,,,
,,,,,,,
,,,,,,,
,,,,,,,
,,,,,,,
,,,,,,,
,,,,,,,
,,,,,,,
,,,,,,,
,,,,,,,
,,,,,,,
,,,,,,,
,,,,,,,
,,,,,,,
,,,,,,,
,,,,,,,
,,,,,,,
,,,,,,,
,,,,,,,
,,,,,,,
,,,,,,,
,,,,,,,
,,,,,,,
,,,,,,,
,,,,,,,
,,,,,,,
,,,,,,,
,,,,,,,
,,,,,,,
,,,,,,,
,,,,,,,
,,,,,,,
,,,,,,,
,,,,,,,
,,,,,,,
,,,,,,,
,,,,,,,
,,,,,,,
,,,,,,,
,,,,,,,
,,,,,,,
,,,,,,,
,,,,,,,
,,,,,,,
,,,,,,,
,,,,,,,
,,,,,,,
,,,,,,,
,,,,,,,
,,,,,,,
,,,,,,,
,,,,,,,
,,,,,,,
,,,,,,,
,,,,,,,
,,,,,,,
,,,,,,,
,,,,,,,
,,,,,,,
,,,,,,,
,,,,,,,
,,,,,,,
,,,,,,,
,,,,,,,
,,,,,,,
,,,,,,,
,,,,,,,
,,,,,,,
,,,,,,,
,,,,,,,
,,,,,,,
,,,,,,,
,,,,,,,
,,,,,,,
,,,,,,,
,,,,,,,
,,,,,,,
,,,,,,,
,,,,,,,
,,,,,,,
,,,,,,,
,,,,,,,
,,,,,,,
,,,,,,,
,,,,,,,
,,,,,,,
,,,,,,,
,,,,,,,
,,,,,,,
,,,,,,,
,,,,,,,
,,,,,,,
,,,,,,,
,,,,,,,
,,,,,,,
,,,,,,,
,,,,,,,
,,,,,,,
,,,,,,,
,,,,,,,
,,,,,,,
,,,,,,,
,,,,,,,
,,,,,,,
,,,,,,,
,,,,,,,
,,,,,,,
,,,,,,,
,,,,,,,
,,,,,,,
,,,,,,,
,,,,,,,
,,,,,,,
,,,,,,,
,,,,,,,
,,,,,,,
,,,,,,,
,,,,,,,
,,,,,,,
,,,,,,,
,,,,,,,
,,,,,,,
,,,,,,,
,,,,,,,
,,,,,,,
,,,,,,,
,,,,,,,
,,,,,,,
,,,,,,,
,,,,,,,
,,,,,,,
,,,,,,,
,,,,,,,
,,,,,,,
,,,,,,,
,,,,,,,
,,,,,,,
,,,,,,,
,,,,,,,
,,,,,,,
,,,,,,,
,,,,,,,
,,,,,,,
,,,,,,,
,,,,,,,
,,,,,,,
,,,,,,,
,,,,,,,
,,,,,,,
,,,,,,,
,,,,,,,
,,,,,,,
,,,,,,,
,,,,,,,
,,,,,,,
,,,,,,,
,,,,,,,
,,,,,,,
,,,,,,,
,,,,,,,
,,,,,,,
,,,,,,,
,,,,,,,
,,,,,,,
,,,,,,,
,,,,,,,
,,,,,,,
,,,,,,,
,,,,,,,
,,,,,,,
,,,,,,,
,,,,,,,
,,,,,,,
,,,,,,,
,,,,,,,
,,,,,,,
,,,,,,,
,,,,,,,
,,,,,,,
,,,,,,,
,,,,,,,
,,,,,,,
,,,,,,,
,,,,,,,
,,,,,,,
,,,,,,,
,,,,,,,
,,,,,,,
,,,,,,,
,,,,,,,
,,,,,,,
,,,,,,,
,,,,,,,
,,,,,,,
,,,,,,,
,,,,,,,
,,,,,,,
,,,,,,,
,,,,,,,
,,,,,,,
,,,,,,,
,,,,,,,
,,,,,,,
,,,,,,,
,,,,,,,
,,,,,,,
,,,,,,,
,,,,,,,
,,,,,,,
,,,,,,,
,,,,,,,
,,,,,,,
,,,,,,,
,,,,,,,
,,,,,,,
,,,,,,,
,,,,,,,
,,,,,,,
,,,,,,,
,,,,,,,
,,,,,,,
,,,,,,,
,,,,,,,
,,,,,,,
,,,,,,,
,,,,,,,
,,,,,,,
,,,,,,,
,,,,,,,
,,,,,,,
,,,,,,,
,,,,,,,
,,,,,,,
,,,,,,,
,,,,,,,
,,,,,,,
,,,,,,,
,,,,,,,
,,,,,,,
,,,,,,,
,,,,,,,
,,,,,,,
,,,,,,,
,,,,,,,
,,,,,,,
,,,,,,,
,,,,,,,
,,,,,,,
,,,,,,,
,,,,,,,
,,,,,,,
,,,,,,,
,,,,,,,
,,,,,,,
,,,,,,,
,,,,,,,
,,,,,,,
,,,,,,,
,,,,,,,
,,,,,,,
,,,,,,,
,,,,,,,
,,,,,,,
,,,,,,,
,,,,,,,
,,,,,,,
,,,,,,,
,,,,,,,
,,,,,,,
,,,,,,,
,,,,,,,
,,,,,,,
,,,,,,,
,,,,,,,
,,,,,,,
,,,,,,,
,,,,,,,
,,,,,,,
,,,,,,,
,,,,,,,
,,,,,,,
,,,,,,,
,,,,,,,
,,,,,,,
,,,,,,,
,,,,,,,
,,,,,,,
,,,,,,,
,,,,,,,
,,,,,,,
,,,,,,,
,,,,,,,
,,,,,,,
,,,,,,,
,,,,,,,
,,,,,,,
,,,,,,,
,,,,,,,
,,,,,,,
,,,,,,,
,,,,,,,
,,,,,,,
,,,,,,,
,,,,,,,
,,,,,,,
,,,,,,,
,,,,,,,
,,,,,,,
,,,,,,,
,,,,,,,
,,,,,,,
,,,,,,,
,,,,,,,
,,,,,,,
,,,,,,,
,,,,,,,
,,,,,,,
,,,,,,,
,,,,,,,
,,,,,,,
,,,,,,,
,,,,,,,
,,,,,,,
,,,,,,,
,,,,,,,
,,,,,,,
,,,,,,,
,,,,,,,
,,,,,,,
,,,,,,,
,,,,,,,
,,,,,,,
,,,,,,,
,,,,,,,
,,,,,,,
,,,,,,,
,,,,,,,
,,,,,,,
,,,,,,,
,,,,,,,
,,,,,,,
,,,,,,,
,,,,,,,
,,,,,,,
,,,,,,,
,,,,,,,
,,,,,,,
,,,,,,,
,,,,,,,
,,,,,,,
,,,,,,,
,,,,,,,
,,,,,,,
,,,,,,,
,,,,,,,
,,,,,,,
,,,,,,,
,,,,,,,
,,,,,,,
,,,,,,,
,,,,,,,
,,,,,,,
,,,,,,,
,,,,,,,
,,,,,,,
,,,,,,,
,,,,,,,
,,,,,,,
,,,,,,,
,,,,,,,
,,,,,,,
,,,,,,,
,,,,,,,
,,,,,,,
,,,,,,,
,,,,,,,
,,,,,,,
,,,,,,,
,,,,,,,
,,,,,,,
,,,,,,,
,,,,,,,
,,,,,,,
,,,,,,,
,,,,,,,
,,,,,,,
,,,,,,,
,,,,,,,
,,,,,,,
,,,,,,,
,,,,,,,
,,,,,,,
,,,,,,,
,,,,,,,
,,,,,,,
,,,,,,,
,,,,,,,
,,,,,,,
,,,,,,,
,,,,,,,
,,,,,,,
,,,,,,,
,,,,,,,
,,,,,,,
,,,,,,,
,,,,,,,
,,,,,,,
,,,,,,,
,,,,,,,
,,,,,,,
,,,,,,,
,,,,,,,
,,,,,,,
,,,,,,,
,,,,,,,
,,,,,,,
,,,,,,,
,,,,,,,
,,,,,,,
,,,,,,,
,,,,,,,
,,,,,,,
,,,,,,,
,,,,,,,
,,,,,,,
,,,,,,,
,,,,,,,
,,,,,,,
,,,,,,,
,,,,,,,
,,,,,,,
,,,,,,,
,,,,,,,
,,,,,,,
,,,,,,,
,,,,,,,
,,,,,,,
,,,,,,,
,,,,,,,
,,,,,,,
,,,,,,,
,,,,,,,
,,,,,,,
,,,,,,,
,,,,,,,
,,,,,,,
,,,,,,,
,,,,,,,
,,,,,,,
,,,,,,,
,,,,,,,
,,,,,,,
,,,,,,,
,,,,,,,
,,,,,,,
,,,,,,,
,,,,,,,
,,,,,,,
,,,,,,,
,,,,,,,
,,,,,,,
,,,,,,,
,,,,,,,
,,,,,,,
,,,,,,,
,,,,,,,
,,,,,,,
,,,,,,,
,,,,,,,
,,,,,,,
,,,,,,,
,,,,,,,
,,,,,,,
,,,,,,,
,,,,,,,
,,,,,,,
,,,,,,,
,,,,,,,
,,,,,,,
,,,,,,,
,,,,,,,
,,,,,,,
,,,,,,,
,,,,,,,
,,,,,,,
,,,,,,,
,,,,,,,
,,,,,,,
,,,,,,,
,,,,,,,
,,,,,,,
,,,,,,,
,,,,,,,
,,,,,,,
,,,,,,,
,,,,,,,
,,,,,,,
,,,,,,,
,,,,,,,
,,,,,,,
,,,,,,,
,,,,,,,
,,,,,,,
,,,,,,,
,,,,,,,
,,,,,,,
,,,,,,,
,,,,,,,
,,,,,,,
,,,,,,,
,,,,,,,
,,,,,,,
,,,,,,,
,,,,,,,
,,,,,,,
,,,,,,,
,,,,,,,
,,,,,,,
,,,,,,,
,,,,,,,
,,,,,,,
,,,,,,,
,,,,,,,
,,,,,,,
,,,,,,,
,,,,,,,
,,,,,,,
,,,,,,,
,,,,,,,
,,,,,,,
,,,,,,,
,,,,,,,
,,,,,,,
,,,,,,,
,,,,,,,
,,,,,,,
,,,,,,,
,,,,,,,
,,,,,,,
,,,,,,,
,,,,,,,
,,,,,,,
,,,,,,,
,,,,,,,
,,,,,,,
,,,,,,,
,,,,,,,
,,,,,,,
,,,,,,,
,,,,,,,
,,,,,,,
,,,,,,,
,,,,,,,
,,,,,,,
,,,,,,,
,,,,,,,
,,,,,,,
,,,,,,,
,,,,,,,
,,,,,,,
,,,,,,,
,,,,,,,
,,,,,,,
,,,,,,,
,,,,,,,
,,,,,,,
,,,,,,,
,,,,,,,
,,,,,,,
,,,,,,,
,,,,,,,
,,,,,,,
,,,,,,,
,,,,,,,
,,,,,,,
,,,,,,,
,,,,,,,
,,,,,,,
,,,,,,,
,,,,,,,
,,,,,,,
,,,,,,,
,,,,,,,
,,,,,,,
,,,,,,,
,,,,,,,
,,,,,,,
,,,,,,,
,,,,,,,
,,,,,,,
,,,,,,,
,,,,,,,
,,,,,,,
,,,,,,,
,,,,,,,
,,,,,,,
,,,,,,,
,,,,,,,
,,,,,,,
,,,,,,,
,,,,,,,
,,,,,,,
,,,,,,,
,,,,,,,
,,,,,,,
,,,,,,,
,,,,,,,
,,,,,,,
,,,,,,,
,,,,,,,
,,,,,,,
,,,,,,,
,,,,,,,
,,,,,,,
,,,,,,,
,,,,,,,
,,,,,,,
,,,,,,,
,,,,,,,
,,,,,,,
,,,,,,,
,,,,,,,
,,,,,,,
,,,,,,,
,,,,,,,
,,,,,,,
,,,,,,,
,,,,,,,
,,,,,,,
,,,,,,,
,,,,,,,
,,,,,,,
,,,,,,,
,,,,,,,
,,,,,,,
,,,,,,,
,,,,,,,
,,,,,,,
,,,,,,,
,,,,,,,
,,,,,,,
,,,,,,,
,,,,,,,
,,,,,,,
,,,,,,,
,,,,,,,
,,,,,,,
,,,,,,,
,,,,,,,
,,,,,,,
,,,,,,,
,,,,,,,
,,,,,,,
,,,,,,,
,,,,,,,
,,,,,,,
,,,,,,,
,,,,,,,
,,,,,,,
,,,,,,,
,,,,,,,
,,,,,,,
,,,,,,,
,,,,,,,
,,,,,,,
,,,,,,,
,,,,,,,
,,,,,,,
,,,,,,,
,,,,,,,
,,,,,,,
,,,,,,,
,,,,,,,
,,,,,,,
,,,,,,,
,,,,,,,
,,,,,,,
,,,,,,,
,,,,,,,
,,,,,,,
,,,,,,,
,,,,,,,
,,,,,,,
,,,,,,,
,,,,,,,
,,,,,,,
,,,,,,,
,,,,,,,
,,,,,,,
,,,,,,,
,,,,,,,
,,,,,,,
,,,,,,,
,,,,,,,
,,,,,,,
,,,,,,,
,,,,,,,
,,,,,,,
,,,,,,,
,,,,,,,
,,,,,,,
,,,,,,,
,,,,,,,
,,,,,,,
,,,,,,,
,,,,,,,
,,,,,,,
,,,,,,,
,,,,,,,
,,,,,,,
,,,,,,,
,,,,,,,
,,,,,,,
,,,,,,,
,,,,,,,
,,,,,,,
,,,,,,,
,,,,,,,
,,,,,,,
,,,,,,,
,,,,,,,
,,,,,,,
,,,,,,,
,,,,,,,
,,,,,,,
,,,,,,,
,,,,,,,
,,,,,,,
,,,,,,,
,,,,,,,
,,,,,,,
,,,,,,,
,,,,,,,
,,,,,,,
,,,,,,,
,,,,,,,
,,,,,,,
,,,,,,,
,,,,,,,
,,,,,,,
,,,,,,,
,,,,,,,
,,,,,,,
,,,,,,,
,,,,,,,
,,,,,,,
,,,,,,,
,,,,,,,
,,,,,,,
,,,,,,,
,,,,,,,
,,,,,,,
,,,,,,,
,,,,,,,
,,,,,,,
,,,,,,,
,,,,,,,
,,,,,,,
,,,,,,,
,,,,,,,
,,,,,,,
,,,,,,,
,,,,,,,
,,,,,,,
,,,,,,,
,,,,,,,
,,,,,,,
,,,,,,,
,,,,,,,
,,,,,,,
,,,,,,,
,,,,,,,
,,,,,,,
,,,,,,,
,,,,,,,
,,,,,,,
,,,,,,,
,,,,,,,
,,,,,,,
,,,,,,,
,,,,,,,
,,,,,,,
,,,,,,,
,,,,,,,
,,,,,,,
,,,,,,,
,,,,,,,
,,,,,,,
,,,,,,,
,,,,,,,
,,,,,,,
,,,,,,,
,,,,,,,
,,,,,,,
,,,,,,,
,,,,,,,
,,,,,,,
,,,,,,,
,,,,,,,
,,,,,,,
,,,,,,,
,,,,,,,
,,,,,,,
,,,,,,,
,,,,,,,
,,,,,,,
,,,,,,,
,,,,,,,
,,,,,,,
,,,,,,,
,,,,,,,
,,,,,,,
,,,,,,,
,,,,,,,
,,,,,,,
,,,,,,,
,,,,,,,
,,,,,,,
,,,,,,,
,,,,,,,
,,,,,,,
,,,,,,,
,,,,,,,
,,,,,,,
,,,,,,,
,,,,,,,
,,,,,,,
,,,,,,,
,,,,,,,
,,,,,,,
,,,,,,,
,,,,,,,
,,,,,,,
,,,,,,,
,,,,,,,
,,,,,,,
,,,,,,,
,,,,,,,
,,,,,,,
,,,,,,,
,,,,,,,
,,,,,,,
,,,,,,,
,,,,,,,
,,,,,,,
,,,,,,,
,,,,,,,
,,,,,,,
,,,,,,,
,,,,,,,
,,,,,,,
,,,,,,,
,,,,,,,
,,,,,,,
,,,,,,,
,,,,,,,
,,,,,,,
,,,,,,,
,,,,,,,
,,,,,,,
,,,,,,,
,,,,,,,
,,,,,,,
,,,,,,,
,,,,,,,
,,,,,,,
,,,,,,,
,,,,,,,
,,,,,,,
,,,,,,,
,,,,,,,
,,,,,,,
,,,,,,,
,,,,,,,
,,,,,,,
,,,,,,,
,,,,,,,
,,,,,,,
,,,,,,,
,,,,,,,
,,,,,,,
,,,,,,,
,,,,,,,
,,,,,,,
,,,,,,,
,,,,,,,
,,,,,,,
,,,,,,,
,,,,,,,
,,,,,,,
,,,,,,,
,,,,,,,
,,,,,,,
,,,,,,,
,,,,,,,
,,,,,,,
,,,,,,,
,,,,,,,
,,,,,,,
,,,,,,,
,,,,,,,
,,,,,,,
,,,,,,,
,,,,,,,
,,,,,,,
,,,,,,,
,,,,,,,
,,,,,,,
,,,,,,,
,,,,,,,
,,,,,,,
,,,,,,,
,,,,,,,
,,,,,,,
,,,,,,,
,,,,,,,
,,,,,,,
,,,,,,,
,,,,,,,
,,,,,,,
,,,,,,,
,,,,,,,
,,,,,,,
,,,,,,,
,,,,,,,
,,,,,,,
,,,,,,,
,,,,,,,
,,,,,,,
,,,,,,,
,,,,,,,
,,,,,,,
,,,,,,,
,,,,,,,
,,,,,,,
,,,,,,,
,,,,,,,
,,,,,,,
,,,,,,,
,,,,,,,
,,,,,,,
,,,,,,,
,,,,,,,
,,,,,,,
,,,,,,,
,,,,,,,
,,,,,,,
,,,,,,,
,,,,,,,
,,,,,,,
,,,,,,,
,,,,,,,
,,,,,,,
,,,,,,,
,,,,,,,
,,,,,,,
,,,,,,,
,,,,,,,
,,,,,,,
,,,,,,,
,,,,,,,
,,,,,,,
,,,,,,,
,,,,,,,
,,,,,,,
,,,,,,,
,,,,,,,
,,,,,,,
,,,,,,,
,,,,,,,
,,,,,,,
,,,,,,,
,,,,,,,
,,,,,,,
,,,,,,,
,,,,,,,
,,,,,,,
,,,,,,,
,,,,,,,
,,,,,,,
,,,,,,,
,,,,,,,
,,,,,,,
,,,,,,,
,,,,,,,
,,,,,,,
,,,,,,,
,,,,,,,
,,,,,,,
,,,,,,,
,,,,,,,
,,,,,,,
,,,,,,,
,,,,,,,
,,,,,,,
,,,,,,,
,,,,,,,
,,,,,,,
,,,,,,,
,,,,,,,
,,,,,,,
,,,,,,,
,,,,,,,
,,,,,,,
,,,,,,,
,,,,,,,
,,,,,,,
,,,,,,,
,,,,,,,
,,,,,,,
,,,,,,,
,,,,,,,
,,,,,,,
,,,,,,,
,,,,,,,
,,,,,,,
,,,,,,,
,,,,,,,
,,,,,,,
,,,,,,,
,,,,,,,
,,,,,,,
,,,,,,,
,,,,,,,
,,,,,,,
,,,,,,,
,,,,,,,
,,,,,,,
,,,,,,,
,,,,,,,
,,,,,,,
,,,,,,,
,,,,,,,
,,,,,,,
,,,,,,,
,,,,,,,
,,,,,,,
,,,,,,,
,,,,,,,
,,,,,,,
,,,,,,,
,,,,,,,
,,,,,,,
,,,,,,,
,,,,,,,
,,,,,,,
,,,,,,,
,,,,,,,
,,,,,,,
,,,,,,,
,,,,,,,
,,,,,,,
,,,,,,,
,,,,,,,
,,,,,,,
,,,,,,,
,,,,,,,
,,,,,,,
,,,,,,,
,,,,,,,
,,,,,,,
,,,,,,,
,,,,,,,
,,,,,,,
,,,,,,,
,,,,,,,
,,,,,,,
,,,,,,,
,,,,,,,
,,,,,,,
,,,,,,,
,,,,,,,
,,,,,,,
,,,,,,,
,,,,,,,
,,,,,,,
,,,,,,,
,,,,,,,
,,,,,,,
,,,,,,,
,,,,,,,
,,,,,,,
,,,,,,,
,,,,,,,
,,,,,,,
,,,,,,,
,,,,,,,
,,,,,,,
,,,,,,,
,,,,,,,
,,,,,,,
,,,,,,,
,,,,,,,
,,,,,,,
,,,,,,,
,,,,,,,
,,,,,,,
,,,,,,,
,,,,,,,
,,,,,,,
,,,,,,,
,,,,,,,
,,,,,,,
,,,,,,,
,,,,,,,
,,,,,,,
,,,,,,,
,,,,,,,
,,,,,,,
,,,,,,,
,,,,,,,
,,,,,,,
,,,,,,,
,,,,,,,
,,,,,,,
,,,,,,,
,,,,,,,
,,,,,,,
,,,,,,,
,,,,,,,
,,,,,,,
,,,,,,,
,,,,,,,
,,,,,,,
,,,,,,,
,,,,,,,
,,,,,,,
,,,,,,,
,,,,,,,
,,,,,,,
,,,,,,,
,,,,,,,
,,,,,,,
,,,,,,,
,,,,,,,
,,,,,,,
,,,,,,,
,,,,,,,
,,,,,,,
,,,,,,,
,,,,,,,
,,,,,,,
,,,,,,,
,,,,,,,
,,,,,,,
,,,,,,,
,,,,,,,
,,,,,,,
,,,,,,,
,,,,,,,
,,,,,,,
,,,,,,,
,,,,,,,
,,,,,,,
,,,,,,,
,,,,,,,
,,,,,,,
,,,,,,,
,,,,,,,
,,,,,,,
,,,,,,,
,,,,,,,
,,,,,,,
,,,,,,,
,,,,,,,
,,,,,,,
,,,,,,,
,,,,,,,
,,,,,,,
,,,,,,,
,,,,,,,
,,,,,,,
,,,,,,,
,,,,,,,
,,,,,,,
,,,,,,,
,,,,,,,
,,,,,,,
,,,,,,,
,,,,,,,
,,,,,,,
,,,,,,,
,,,,,,,
,,,,,,,
,,,,,,,
,,,,,,,
,,,,,,,
,,,,,,,
,,,,,,,
,,,,,,,
,,,,,,,
,,,,,,,
,,,,,,,
,,,,,,,
,,,,,,,
,,,,,,,
,,,,,,,
,,,,,,,
,,,,,,,
,,,,,,,
,,,,,,,
,,,,,,,
,,,,,,,
,,,,,,,
,,,,,,,
,,,,,,,
,,,,,,,
,,,,,,,
,,,,,,,
,,,,,,,
,,,,,,,
,,,,,,,
,,,,,,,
,,,,,,,
,,,,,,,
,,,,,,,
,,,,,,,
,,,,,,,
,,,,,,,
,,,,,,,
,,,,,,,
,,,,,,,
,,,,,,,
,,,,,,,
,,,,,,,
,,,,,,,
,,,,,,,
,,,,,,,
,,,,,,,
,,,,,,,
,,,,,,,
,,,,,,,
,,,,,,,
,,,,,,,
,,,,,,,
,,,,,,,
,,,,,,,
,,,,,,,
,,,,,,,
,,,,,,,
,,,,,,,
,,,,,,,
,,,,,,,
,,,,,,,
,,,,,,,
,,,,,,,
,,,,,,,
,,,,,,,
,,,,,,,
,,,,,,,
,,,,,,,
,,,,,,,
,,,,,,,
,,,,,,,
,,,,,,,
,,,,,,,
,,,,,,,
,,,,,,,
,,,,,,,
,,,,,,,
,,,,,,,
,,,,,,,
,,,,,,,
,,,,,,,
,,,,,,,
,,,,,,,
,,,,,,,
,,,,,,,
,,,,,,,
,,,,,,,
,,,,,,,
,,,,,,,
,,,,,,,
,,,,,,,
,,,,,,,
,,,,,,,
,,,,,,,
,,,,,,,
,,,,,,,
,,,,,,,
,,,,,,,
,,,,,,,
,,,,,,,
,,,,,,,
,,,,,,,
,,,,,,,
,,,,,,,
,,,,,,,
,,,,,,,
,,,,,,,
,,,,,,,
,,,,,,,
,,,,,,,
,,,,,,,
,,,,,,,
,,,,,,,
,,,,,,,
,,,,,,,
,,,,,,,
,,,,,,,
,,,,,,,
,,,,,,,
,,,,,,,
,,,,,,,
,,,,,,,
,,,,,,,
,,,,,,,
,,,,,,,
,,,,,,,
,,,,,,,
,,,,,,,
,,,,,,,
,,,,,,,
,,,,,,,
,,,,,,,
,,,,,,,
,,,,,,,
,,,,,,,
,,,,,,,
,,,,,,,
,,,,,,,
,,,,,,,
,,,,,,,
,,,,,,,
,,,,,,,
,,,,,,,
,,,,,,,
,,,,,,,
,,,,,,,
,,,,,,,
,,,,,,,
,,,,,,,
,,,,,,,
,,,,,,,
,,,,,,,
,,,,,,,
,,,,,,,
,,,,,,,
,,,,,,,
,,,,,,,
,,,,,,,
,,,,,,,
,,,,,,,
,,,,,,,
,,,,,,,
,,,,,,,
,,,,,,,
,,,,,,,
,,,,,,,
,,,,,,,
,,,,,,,
,,,,,,,
,,,,,,,
,,,,,,,
,,,,,,,
,,,,,,,
,,,,,,,
,,,,,,,
,,,,,,,
,,,,,,,
,,,,,,,
,,,,,,,
,,,,,,,
,,,,,,,
,,,,,,,
,,,,,,,
,,,,,,,
,,,,,,,
,,,,,,,
,,,,,,,
,,,,,,,
,,,,,,,
,,,,,,,
,,,,,,,
,,,,,,,
,,,,,,,
,,,,,,,
,,,,,,,
,,,,,,,
,,,,,,,
,,,,,,,
,,,,,,,
,,,,,,,
,,,,,,,
,,,,,,,
,,,,,,,
,,,,,,,
,,,,,,,
,,,,,,,
,,,,,,,
,,,,,,,
,,,,,,,
,,,,,,,
,,,,,,,
,,,,,,,
,,,,,,,
,,,,,,,
,,,,,,,
,,,,,,,
,,,,,,,
,,,,,,,
,,,,,,,
,,,,,,,
,,,,,,,
,,,,,,,
,,,,,,,
,,,,,,,
,,,,,,,
,,,,,,,
,,,,,,,
,,,,,,,
,,,,,,,
,,,,,,,
,,,,,,,
,,,,,,,
,,,,,,,
,,,,,,,
,,,,,,,
,,,,,,,
,,,,,,,
,,,,,,,
,,,,,,,
,,,,,,,
,,,,,,,
,,,,,,,
,,,,,,,
,,,,,,,
,,,,,,,
,,,,,,,
,,,,,,,
,,,,,,,
,,,,,,,
,,,,,,,
,,,,,,,
,,,,,,,
,,,,,,,
,,,,,,,
,,,,,,,
,,,,,,,
,,,,,,,
,,,,,,,
,,,,,,,
,,,,,,,
,,,,,,,
,,,,,,,
,,,,,,,
,,,,,,,
,,,,,,,
,,,,,,,
,,,,,,,
,,,,,,,
,,,,,,,
,,,,,,,
,,,,,,,
,,,,,,,
,,,,,,,
,,,,,,,
,,,,,,,
,,,,,,,
,,,,,,,
,,,,,,,
,,,,,,,
,,,,,,,
,,,,,,,
,,,,,,,
,,,,,,,
,,,,,,,
,,,,,,,
,,,,,,,
,,,,,,,
,,,,,,,
,,,,,,,
,,,,,,,
,,,,,,,
,,,,,,,
,,,,,,,
,,,,,,,
,,,,,,,
,,,,,,,
,,,,,,,
,,,,,,,
,,,,,,,
,,,,,,,
,,,,,,,
,,,,,,,
,,,,,,,
,,,,,,,
,,,,,,,
,,,,,,,
,,,,,,,
,,,,,,,
,,,,,,,
,,,,,,,
,,,,,,,
,,,,,,,
,,,,,,,
,,,,,,,
,,,,,,,
,,,,,,,
,,,,,,,
,,,,,,,
,,,,,,,
,,,,,,,
,,,,,,,
,,,,,,,
13:37:34,7.5,0,53374976,684395981,944246022,1671629854,0
13:37:35,7.5,0,53374976,684396603,944246530,1671629855,0
13:37:36,7.5,0,53374976,684396749,944246570,1671629856,0
13:37:37,7.5,0,53374976,684396949,944246646,1671629857,0
13:37:38,7.5,0,53374976,684397095,944246686,1671629858,0
13:37:40,7.5,0,53374976,684397241,944246726,1671629860,0
13:37:41,7.5,0,53379072,684398433,944247720,1671629861,0
13:37:42,7.5,0,53379072,684398579,944247760,1671629862,0
13:37:43,7.5,0,53379072,684398725,944247800,1671629863,0
13:37:44,7.5,0,53379072,684398871,944247840,1671629864,0
13:37:46,7.5,0,53379072,684400153,944248770,1671629866,0
13:37:47,7.5,0,53379072,684400299,944248810,1671629867,0
13:37:48,7.5,0,53379072,684400445,944248850,1671629868,0
13:37:49,7.5,0,53379072,684400591,944248890,1671629869,0
13:37:52,7.5,0,53383168,684401425,944249350,1671629872,0
13:37:53,7.5,0,53383168,684401571,944249390,1671629873,0
13:37:54,7.5,0,53383168,684401717,944249430,1671629874,0
13:37:56,7.5,0,53383168,684402881,944250318,1671629876,0
13:37:57,7.5,0,53383168,684403117,944250434,1671629877,0
13:37:59,7.5,0,53383168,684403409,944250514,1671629879,0
13:38:01,7.5,0,53387264,684405011,944251956,1671629881,0
13:38:03,7.5,0,53387264,684405303,944252036,1671629883,0
13:38:04,7.5,0,53387264,684405449,944252076,1671629884,0
13:38:05,7.5,0,53387264,684405637,944252144,1671629885,0
13:38:06,7.5,0,53387264,684406179,944252524,1671629886,0
13:38:07,7.5,0,53387264,684406325,944252564,1671629887,0
13:38:08,7.5,0,53387264,684406471,944252604,1671629888,0
13:38:09,7.5,0,53387264,684406617,944252644,1671629889,0
13:38:11,7.5,0,53391360,684407781,944253532,1671629891,0
13:38:12,7.5,0,53391360,684407927,944253572,1671629892,0
13:38:13,7.5,0,53391360,684408163,944253688,1671629893,0
13:38:15,7.5,0,53391360,684408455,944253768,1671629895,0
13:38:16,7.5,0,53395456,684409675,944254728,1671629896,0
13:38:17,7.5,0,53395456,684409821,944254768,1671629897,0
13:38:18,7.5,0,53395456,684409967,944254808,1671629898,0
13:38:19,7.5,0,53395456,684410113,944254848,1671629899,0
13:38:21,7.5,0,53399552,684410881,944255396,1671629901,0
13:38:22,7.5,0,53399552,684411081,944255516,1671629902,0
13:38:23,7.5,0,53399552,684411227,944255556,1671629903,0
13:38:24,7.5,0,53399552,684411373,944255596,1671629904,0
13:38:25,7.5,0,53399552,684411519,944255636,1671629905,0
13:38:26,7.5,0,53399552,684412669,944256536,1671629906,0
13:38:27,7.5,0,53399552,684412815,944256576,1671629907,0
13:38:28,7.5,0,53399552,684412961,944256616,1671629908,0
13:38:30,7.5,0,53403648,684413397,944256852,1671629910,0
13:38:31,7.5,0,53403648,684414613,944257870,1671629911,0
